INSERT INTO research_activity_Category VALUES (1, "Conferences"),(2, "Magazines"),(3, "Workshops");

INSERT INTO publication VALUES (1, "Elsevier", "5 Charing Cross Circle"),(2, "o'rielly", "91117 Onsgard Drive"),(3, "wiley", "5029 Michigan Terrace"),(4, "pearson", "04310 American Ash Park"),(5, "springer", "30817 High Crossing Court");

insert into research_Areas_Of_Interest (id, type) values (1, 'Impact of social media on interpersonal relationships');
insert into research_Areas_Of_Interest (id, type) values (2, 'Role of artificial intelligence in healthcare');
insert into research_Areas_Of_Interest (id, type) values (3, 'Sustainable energy solutions for combating climate change');
insert into research_Areas_Of_Interest (id, type) values (4, 'Effects of globalization on local economies');
insert into research_Areas_Of_Interest (id, type) values (5, 'Gender equality and empowerment in the workplace');
insert into research_Areas_Of_Interest (id, type) values (6, 'Ethical implications of genetic engineering and biotechnology');
insert into research_Areas_Of_Interest (id, type) values (7, 'Cybersecurity challenges in the digital age');
insert into research_Areas_Of_Interest (id, type) values (8, 'The future of autonomous vehicles and transportation systems');
insert into research_Areas_Of_Interest (id, type) values (9, 'Psychological effects of virtual reality technology');
insert into research_Areas_Of_Interest (id, type) values (10, 'Impacts of income inequality on societal well-being');
insert into research_Areas_Of_Interest (id, type) values (11, 'Role of education in promoting sustainable development');
insert into research_Areas_Of_Interest (id, type) values (12, 'Effects of urbanization on the environment and quality of life');
insert into research_Areas_Of_Interest (id, type) values (13, 'The influence of cultural diversity on organizational performance');
insert into research_Areas_Of_Interest (id, type) values (14, 'Strategies for mitigating food waste and improving food security');
insert into research_Areas_Of_Interest (id, type) values (15, 'Implications of robotics and automation on employment');
insert into research_Areas_Of_Interest (id, type) values (16, 'The psychology of decision-making and consumer behavior');
insert into research_Areas_Of_Interest (id, type) values (17, 'Impacts of artificial intelligence on job market dynamics');
insert into research_Areas_Of_Interest (id, type) values (18, 'Addressing mental health stigma in society');
insert into research_Areas_Of_Interest (id, type) values (19, 'Role of social entrepreneurship in solving global challenges');
insert into research_Areas_Of_Interest (id, type) values (20, 'Impact of renewable energy adoption on economic growth');
insert into research_Areas_Of_Interest (id, type) values (21, 'Ethical considerations in human genetic research');
insert into research_Areas_Of_Interest (id, type) values (22, 'Effects of climate change on biodiversity and ecosystems');
insert into research_Areas_Of_Interest (id, type) values (23, 'The role of technology in promoting inclusive education');
insert into research_Areas_Of_Interest (id, type) values (24, 'Challenges and opportunities in the era of Big Data');
insert into research_Areas_Of_Interest (id, type) values (25, 'The psychology of motivation and its impact on productivity');
insert into research_Areas_Of_Interest (id, type) values (26, 'Implications of blockchain technology in finance and beyond');
insert into research_Areas_Of_Interest (id, type) values (27, 'Promoting sustainable tourism and preserving cultural heritage');
insert into research_Areas_Of_Interest (id, type) values (28, 'The impact of social media influencers on consumer behavior');
insert into research_Areas_Of_Interest (id, type) values (29, 'Addressing the digital divide and promoting digital literacy');
insert into research_Areas_Of_Interest (id, type) values (30, 'Effects of air pollution on public health');
insert into research_Areas_Of_Interest (id, type) values (31, 'Role of corporate social responsibility in sustainable business practices');
insert into research_Areas_Of_Interest (id, type) values (32, 'Exploring the potential of renewable energy sources');
insert into research_Areas_Of_Interest (id, type) values (33, 'Implications of automation on job displacement and retraining');
insert into research_Areas_Of_Interest (id, type) values (34, 'The psychology of resilience and coping mechanisms');
insert into research_Areas_Of_Interest (id, type) values (35, 'Assessing the effectiveness of climate change mitigation strategies');
insert into research_Areas_Of_Interest (id, type) values (36, 'The influence of mass media on political discourse');
insert into research_Areas_Of_Interest (id, type) values (37, 'Impacts of globalization on cultural identities');
insert into research_Areas_Of_Interest (id, type) values (38, 'Ethical considerations in artificial intelligence development');
insert into research_Areas_Of_Interest (id, type) values (39, 'Role of education in reducing poverty and inequality');
insert into research_Areas_Of_Interest (id, type) values (40, 'Promoting diversity and inclusion in the workplace');
insert into research_Areas_Of_Interest (id, type) values (41, 'Implications of social media on mental health and well-being');
insert into research_Areas_Of_Interest (id, type) values (42, 'Sustainable water management in arid regions');
insert into research_Areas_Of_Interest (id, type) values (43, 'Effects of plastic pollution on marine ecosystems');
insert into research_Areas_Of_Interest (id, type) values (44, 'The psychology of teamwork and collaboration');
insert into research_Areas_Of_Interest (id, type) values (45, 'Impacts of globalization on traditional industries and craftsmanship');
insert into research_Areas_Of_Interest (id, type) values (46, 'Addressing challenges in renewable energy storage');
insert into research_Areas_Of_Interest (id, type) values (47, 'The role of technology in disaster management and resilience');
insert into research_Areas_Of_Interest (id, type) values (48, 'Ethical considerations in biomedical research and experimentation');
insert into research_Areas_Of_Interest (id, type) values (49, 'Implications of automation in the manufacturing sector');
insert into research_Areas_Of_Interest (id, type) values (50, 'Promoting sustainable consumption patterns and circular economy');

INSERT INTO institute_Type VALUES (1, "executive"),(2, "Academic");

INSERT INTO publication VALUES (1, "Elsevier", "5 Charing Cross Circle"),(2, "o'rielly", "91117 Onsgard Drive"),(3, "wiley", "5029 Michigan Terrace"),(4, "pearson", "04310 American Ash Park"),(5, "springer", "30817 High Crossing Court");

insert into post (id, title) values (1, 'Accountant');
insert into post (id, title) values (2, 'Operations Manager');
insert into post (id, title) values (3, 'Sales Manager');
insert into post (id, title) values (4, 'Customer Support Manager');
insert into post (id, title) values (5, 'Product Engineer');
insert into post (id, title) values (6, 'Communications Manager');

insert into supporter (id, name) values (1, 'Jorie Ceccoli');
insert into supporter (id, name) values (2, 'Dolli Hamshar');
insert into supporter (id, name) values (3, 'Teodorico Philipp');
insert into supporter (id, name) values (4, 'Fallon Basini-Gazzi');
insert into supporter (id, name) values (5, 'Latia Betts');
insert into supporter (id, name) values (6, 'Korney Gabbitis');
insert into supporter (id, name) values (7, 'Noellyn Arntzen');
insert into supporter (id, name) values (8, 'Rayna D''Hooge');
insert into supporter (id, name) values (9, 'Trenton Klimsch');
insert into supporter (id, name) values (10, 'Toiboid Blain');
insert into supporter (id, name) values (11, 'Ase Joselevitz');
insert into supporter (id, name) values (12, 'Flo McAlpin');
insert into supporter (id, name) values (13, 'Tiebout Gasquoine');
insert into supporter (id, name) values (14, 'Nana Brownsell');
insert into supporter (id, name) values (15, 'Fransisco Pickburn');
insert into supporter (id, name) values (16, 'Faustina Lymbourne');
insert into supporter (id, name) values (17, 'Phil De Courtney');
insert into supporter (id, name) values (18, 'Clem Eschalotte');
insert into supporter (id, name) values (19, 'Maurine Bruster');
insert into supporter (id, name) values (20, 'Correna Jansema');
insert into supporter (id, name) values (21, 'Arch Barthrop');
insert into supporter (id, name) values (22, 'Veradis Patel');
insert into supporter (id, name) values (23, 'Ophelia Pitts');
insert into supporter (id, name) values (24, 'Sissie Buckleigh');
insert into supporter (id, name) values (25, 'Moshe Grogor');

insert into researcher (id, firstname, lastname, birthdate) values (1, 'Sonia', 'McManamen', '1973-10-01');
insert into researcher (id, firstname, lastname, birthdate) values (2, 'Jenda', 'Ferras', '1943-11-05');
insert into researcher (id, firstname, lastname, birthdate) values (3, 'Kiley', 'Hens', '1993-10-01');
insert into researcher (id, firstname, lastname, birthdate) values (4, 'Romona', 'Sinncock', '1944-07-08');
insert into researcher (id, firstname, lastname, birthdate) values (5, 'Janot', 'Pragnell', '1952-10-21');
insert into researcher (id, firstname, lastname, birthdate) values (6, 'Wolfie', 'Sabathier', '1950-03-04');
insert into researcher (id, firstname, lastname, birthdate) values (7, 'Filide', 'Anselmi', '1980-03-23');
insert into researcher (id, firstname, lastname, birthdate) values (8, 'Andria', 'Caush', '2001-05-05');
insert into researcher (id, firstname, lastname, birthdate) values (9, 'Reg', 'Aldham', '1975-07-07');
insert into researcher (id, firstname, lastname, birthdate) values (10, 'Dominick', 'Pippard', '1998-05-28');
insert into researcher (id, firstname, lastname, birthdate) values (11, 'Norean', 'Major', '1967-07-25');
insert into researcher (id, firstname, lastname, birthdate) values (12, 'Griffith', 'Fromont', '1982-03-24');
insert into researcher (id, firstname, lastname, birthdate) values (13, 'Frankie', 'Acres', '1955-01-03');
insert into researcher (id, firstname, lastname, birthdate) values (14, 'Jeremy', 'Morten', '1985-02-16');
insert into researcher (id, firstname, lastname, birthdate) values (15, 'Leontine', 'Divell', '1996-01-26');
insert into researcher (id, firstname, lastname, birthdate) values (16, 'Denny', 'Davenhill', '1982-05-30');
insert into researcher (id, firstname, lastname, birthdate) values (17, 'Anselma', 'Blaksland', '1946-10-19');
insert into researcher (id, firstname, lastname, birthdate) values (18, 'Jack', 'Foale', '1980-07-11');
insert into researcher (id, firstname, lastname, birthdate) values (19, 'Efrem', 'Cleyburn', '1948-10-02');
insert into researcher (id, firstname, lastname, birthdate) values (20, 'Cissy', 'Leveret', '1978-04-24');
insert into researcher (id, firstname, lastname, birthdate) values (21, 'Federica', 'Winship', '1945-03-27');
insert into researcher (id, firstname, lastname, birthdate) values (22, 'Cherlyn', 'Izzett', '1997-06-06');
insert into researcher (id, firstname, lastname, birthdate) values (23, 'Camellia', 'Donald', '1997-10-30');
insert into researcher (id, firstname, lastname, birthdate) values (24, 'Chris', 'Mangenot', '1982-07-26');
insert into researcher (id, firstname, lastname, birthdate) values (25, 'Mariya', 'Lyver', '1963-08-01');
insert into researcher (id, firstname, lastname, birthdate) values (26, 'Lynnelle', 'Gianninotti', '1944-04-23');
insert into researcher (id, firstname, lastname, birthdate) values (27, 'Gaye', 'Origan', '1978-12-18');
insert into researcher (id, firstname, lastname, birthdate) values (28, 'Layney', 'Skyme', '1947-08-11');
insert into researcher (id, firstname, lastname, birthdate) values (29, 'Anselm', 'Vigurs', '1975-09-12');
insert into researcher (id, firstname, lastname, birthdate) values (30, 'Linette', 'Vaughn', '1961-02-10');
insert into researcher (id, firstname, lastname, birthdate) values (31, 'Edvard', 'Skarin', '1948-04-05');
insert into researcher (id, firstname, lastname, birthdate) values (32, 'Gabriella', 'Deakin', '1965-11-24');
insert into researcher (id, firstname, lastname, birthdate) values (33, 'Abraham', 'Kerswill', '1960-03-12');
insert into researcher (id, firstname, lastname, birthdate) values (34, 'Saundra', 'Prose', '1968-10-07');
insert into researcher (id, firstname, lastname, birthdate) values (35, 'Padgett', 'Giannotti', '1968-12-11');
insert into researcher (id, firstname, lastname, birthdate) values (36, 'Boothe', 'Efford', '1986-11-22');
insert into researcher (id, firstname, lastname, birthdate) values (37, 'Rand', 'Gerrard', '1952-08-17');
insert into researcher (id, firstname, lastname, birthdate) values (38, 'Giff', 'Piotr', '1942-07-16');
insert into researcher (id, firstname, lastname, birthdate) values (39, 'Theobald', 'Lezemere', '1992-02-14');
insert into researcher (id, firstname, lastname, birthdate) values (40, 'Angele', 'Gliddon', '1981-11-24');
insert into researcher (id, firstname, lastname, birthdate) values (41, 'Grannie', 'Minker', '1993-07-01');
insert into researcher (id, firstname, lastname, birthdate) values (42, 'Flori', 'Potebury', '1986-08-25');
insert into researcher (id, firstname, lastname, birthdate) values (43, 'Regina', 'Halloway', '1975-11-25');
insert into researcher (id, firstname, lastname, birthdate) values (44, 'Max', 'Anand', '1953-06-01');
insert into researcher (id, firstname, lastname, birthdate) values (45, 'Orton', 'Alfonsini', '1981-06-30');
insert into researcher (id, firstname, lastname, birthdate) values (46, 'Latia', 'Urlin', '1978-05-01');
insert into researcher (id, firstname, lastname, birthdate) values (47, 'Ysabel', 'Rosbotham', '1950-11-09');
insert into researcher (id, firstname, lastname, birthdate) values (48, 'Melicent', 'Ownsworth', '1992-02-15');
insert into researcher (id, firstname, lastname, birthdate) values (49, 'Gibby', 'Risborough', '1950-08-29');
insert into researcher (id, firstname, lastname, birthdate) values (50, 'Chrotoem', 'Watt', '1954-11-07');
insert into researcher (id, firstname, lastname, birthdate) values (51, 'Nero', 'Vile', '1977-12-12');
insert into researcher (id, firstname, lastname, birthdate) values (52, 'Wolfgang', 'Vango', '1971-03-04');
insert into researcher (id, firstname, lastname, birthdate) values (53, 'Nedi', 'Truscott', '1998-06-14');
insert into researcher (id, firstname, lastname, birthdate) values (54, 'Annemarie', 'Delmage', '1957-12-29');
insert into researcher (id, firstname, lastname, birthdate) values (55, 'Dorey', 'Breckwell', '1944-10-04');
insert into researcher (id, firstname, lastname, birthdate) values (56, 'Ellene', 'Minget', '1994-08-17');
insert into researcher (id, firstname, lastname, birthdate) values (57, 'Rooney', 'Callow', '1964-11-22');
insert into researcher (id, firstname, lastname, birthdate) values (58, 'Nanny', 'Streader', '1954-03-16');
insert into researcher (id, firstname, lastname, birthdate) values (59, 'Jesselyn', 'Lightbourne', '1977-11-01');
insert into researcher (id, firstname, lastname, birthdate) values (60, 'Penni', 'Hellikes', '1972-04-23');
insert into researcher (id, firstname, lastname, birthdate) values (61, 'Trixi', 'Revely', '1991-09-19');
insert into researcher (id, firstname, lastname, birthdate) values (62, 'Lyn', 'Vaen', '1990-06-17');
insert into researcher (id, firstname, lastname, birthdate) values (63, 'Ingamar', 'Sarrell', '1954-01-10');
insert into researcher (id, firstname, lastname, birthdate) values (64, 'Mallissa', 'Gratrex', '1959-07-02');
insert into researcher (id, firstname, lastname, birthdate) values (65, 'Darb', 'Foux', '1979-05-14');
insert into researcher (id, firstname, lastname, birthdate) values (66, 'Rafi', 'Bakhrushkin', '1946-08-14');
insert into researcher (id, firstname, lastname, birthdate) values (67, 'Jamima', 'Harvey', '1959-09-14');
insert into researcher (id, firstname, lastname, birthdate) values (68, 'Rogerio', 'Joscelyne', '1968-05-15');
insert into researcher (id, firstname, lastname, birthdate) values (69, 'Maribel', 'Reddin', '1959-10-31');
insert into researcher (id, firstname, lastname, birthdate) values (70, 'Helenelizabeth', 'Turri', '1985-11-14');
insert into researcher (id, firstname, lastname, birthdate) values (71, 'Darell', 'Caulcutt', '1973-12-31');
insert into researcher (id, firstname, lastname, birthdate) values (72, 'Devan', 'Jeppe', '1985-03-20');
insert into researcher (id, firstname, lastname, birthdate) values (73, 'Eal', 'Lonsbrough', '1960-03-25');
insert into researcher (id, firstname, lastname, birthdate) values (74, 'Chelsy', 'Bleier', '1962-08-02');
insert into researcher (id, firstname, lastname, birthdate) values (75, 'Elenore', 'Cottrill', '1948-05-09');
insert into researcher (id, firstname, lastname, birthdate) values (76, 'Annetta', 'Jakubovits', '1994-08-07');
insert into researcher (id, firstname, lastname, birthdate) values (77, 'Codie', 'Downs', '1998-05-16');
insert into researcher (id, firstname, lastname, birthdate) values (78, 'Demott', 'Lambourn', '1986-03-15');
insert into researcher (id, firstname, lastname, birthdate) values (79, 'Jordan', 'Juett', '1979-12-14');
insert into researcher (id, firstname, lastname, birthdate) values (80, 'Zed', 'Mansfield', '1998-07-11');
insert into researcher (id, firstname, lastname, birthdate) values (81, 'Ramon', 'Handes', '1968-04-08');
insert into researcher (id, firstname, lastname, birthdate) values (82, 'Julie', 'Downs', '1991-04-26');
insert into researcher (id, firstname, lastname, birthdate) values (83, 'Morgen', 'Levecque', '1980-06-30');
insert into researcher (id, firstname, lastname, birthdate) values (84, 'Sibella', 'Lemon', '1993-03-12');
insert into researcher (id, firstname, lastname, birthdate) values (85, 'Carlotta', 'Greatex', '1996-06-26');
insert into researcher (id, firstname, lastname, birthdate) values (86, 'Tamar', 'Rollingson', '1981-12-13');
insert into researcher (id, firstname, lastname, birthdate) values (87, 'Barry', 'Wateridge', '1997-06-22');
insert into researcher (id, firstname, lastname, birthdate) values (88, 'Gill', 'Olver', '1975-11-13');
insert into researcher (id, firstname, lastname, birthdate) values (89, 'Nixie', 'Mc Gorley', '1955-08-04');
insert into researcher (id, firstname, lastname, birthdate) values (90, 'Prissie', 'Bidewel', '1960-02-20');
insert into researcher (id, firstname, lastname, birthdate) values (91, 'Alexei', 'Eckery', '1995-03-31');
insert into researcher (id, firstname, lastname, birthdate) values (92, 'Catherin', 'Goldstone', '1965-01-03');
insert into researcher (id, firstname, lastname, birthdate) values (93, 'Ellwood', 'Teliga', '1951-03-03');
insert into researcher (id, firstname, lastname, birthdate) values (94, 'Fanechka', 'Adriani', '1956-07-14');
insert into researcher (id, firstname, lastname, birthdate) values (95, 'Val', 'Haggith', '1981-01-29');
insert into researcher (id, firstname, lastname, birthdate) values (96, 'Jeremias', 'Althrop', '1985-09-04');
insert into researcher (id, firstname, lastname, birthdate) values (97, 'Shawna', 'Hellmore', '1968-11-25');
insert into researcher (id, firstname, lastname, birthdate) values (98, 'Oswald', 'Raleston', '1986-06-19');
insert into researcher (id, firstname, lastname, birthdate) values (99, 'Katleen', 'Geaney', '1952-03-29');
insert into researcher (id, firstname, lastname, birthdate) values (100, 'Stephan', 'Ondrak', '1973-03-11');

insert into financial_Source_Type (id, type) values (1, 'Independent');
insert into financial_Source_Type (id, type) values (2, 'Under financial resources');

insert into financial_Budget_Type (id, type) values (1, 'loan');
insert into financial_Budget_Type (id, type) values (2, 'Donation');
insert into financial_Budget_Type (id, type) values (3, 'Combination of loan and donation');

-- delete from research_activity
-- where category_Id = 1 or category_Id = 2 or category_Id = 3

-- https://www.mockaroo.com/ddac5fb0
insert into research_activity (id, publication_id, category_Id, title, type, start_time, end_time, corresponding_researcher_Id, holding_time, holding_place, budget, time_of_sending_to_publication, time_of_accepting_by_publication, number_of_pages) values (1, 3, 1, 'Impact of social media on interpersonal relationships', 'international', '2020-11-20', '2021-01-04', 43, '2022-09-28', '2018-10-28', 4305, '2017-08-05', '2018-10-31', 85);
insert into research_activity (id, publication_id, category_Id, title, type, start_time, end_time, corresponding_researcher_Id, holding_time, holding_place, budget, time_of_sending_to_publication, time_of_accepting_by_publication, number_of_pages) values (2, 4, 2, 'Role of artificial intelligence in healthcare', 'international', '2018-09-17', '2021-01-26', 54, '2018-07-21', '2022-10-19', 4297, '2020-06-06', '2016-12-23', 181);
insert into research_activity (id, publication_id, category_Id, title, type, start_time, end_time, corresponding_researcher_Id, holding_time, holding_place, budget, time_of_sending_to_publication, time_of_accepting_by_publication, number_of_pages) values (3, 2, 2, 'Sustainable energy solutions for combating climate change', 'national', '2023-02-14', '2016-10-23', 57, '2017-04-02', '2017-08-22', 233, '2021-10-21', '2022-01-19', 163);
insert into research_activity (id, publication_id, category_Id, title, type, start_time, end_time, corresponding_researcher_Id, holding_time, holding_place, budget, time_of_sending_to_publication, time_of_accepting_by_publication, number_of_pages) values (4, 3, 2, 'Effects of globalization on local economies', 'international', '2015-07-28', '2016-05-27', 24, '2018-12-21', '2018-05-03', 133, '2023-01-08', '2017-02-02', 159);
insert into research_activity (id, publication_id, category_Id, title, type, start_time, end_time, corresponding_researcher_Id, holding_time, holding_place, budget, time_of_sending_to_publication, time_of_accepting_by_publication, number_of_pages) values (5, 4, 2, 'Gender equality and empowerment in the workplace', 'national', '2015-10-12', '2017-08-13', 72, '2015-08-02', '2018-09-30', 1307, '2018-05-11', '2021-08-27', 66);
insert into research_activity (id, publication_id, category_Id, title, type, start_time, end_time, corresponding_researcher_Id, holding_time, holding_place, budget, time_of_sending_to_publication, time_of_accepting_by_publication, number_of_pages) values (6, 5, 2, 'Ethical implications of genetic engineering and biotechnology', 'international', '2017-01-07', '2023-01-13', 21, '2017-08-12', '2022-08-20', 4946, '2022-08-13', '2019-08-11', 69);
insert into research_activity (id, publication_id, category_Id, title, type, start_time, end_time, corresponding_researcher_Id, holding_time, holding_place, budget, time_of_sending_to_publication, time_of_accepting_by_publication, number_of_pages) values (7, 3, 1, 'Cybersecurity challenges in the digital age', 'international', '2016-12-18', '2017-11-19', 48, '2022-04-05', '2018-07-18', 2888, '2015-09-21', '2022-02-09', 182);
insert into research_activity (id, publication_id, category_Id, title, type, start_time, end_time, corresponding_researcher_Id, holding_time, holding_place, budget, time_of_sending_to_publication, time_of_accepting_by_publication, number_of_pages) values (8, 4, 3, 'The future of autonomous vehicles and transportation systems', 'international', '2023-04-13', '2018-08-09', 87, '2020-06-23', '2017-11-14', 3314, '2018-01-16', '2020-04-08', 68);
insert into research_activity (id, publication_id, category_Id, title, type, start_time, end_time, corresponding_researcher_Id, holding_time, holding_place, budget, time_of_sending_to_publication, time_of_accepting_by_publication, number_of_pages) values (9, 3, 2, 'Psychological effects of virtual reality technology', 'international', '2022-01-29', '2021-08-30', 88, '2016-08-09', '2019-12-13', 3577, '2023-02-28', '2020-09-23', 167);
insert into research_activity (id, publication_id, category_Id, title, type, start_time, end_time, corresponding_researcher_Id, holding_time, holding_place, budget, time_of_sending_to_publication, time_of_accepting_by_publication, number_of_pages) values (10, 2, 1, 'Impacts of income inequality on societal well-being', 'international', '2015-09-10', '2017-10-27', 33, '2019-10-12', '2022-11-19', 4699, '2021-09-16', '2020-05-03', 173);
insert into research_activity (id, publication_id, category_Id, title, type, start_time, end_time, corresponding_researcher_Id, holding_time, holding_place, budget, time_of_sending_to_publication, time_of_accepting_by_publication, number_of_pages) values (11, 3, 3, 'Role of education in promoting sustainable development', 'national', '2020-10-12', '2020-04-16', 50, '2019-12-11', '2019-02-25', 4856, '2017-11-16', '2019-05-25', 149);
insert into research_activity (id, publication_id, category_Id, title, type, start_time, end_time, corresponding_researcher_Id, holding_time, holding_place, budget, time_of_sending_to_publication, time_of_accepting_by_publication, number_of_pages) values (12, 3, 3, 'Effects of urbanization on the environment and quality of life', 'international', '2022-10-13', '2018-07-06', 41, '2023-02-19', '2021-03-21', 3920, '2018-08-15', '2020-04-04', 98);
insert into research_activity (id, publication_id, category_Id, title, type, start_time, end_time, corresponding_researcher_Id, holding_time, holding_place, budget, time_of_sending_to_publication, time_of_accepting_by_publication, number_of_pages) values (13, 3, 1, 'The influence of cultural diversity on organizational performance', 'international', '2018-09-06', '2019-03-22', 68, '2022-06-23', '2016-10-24', 4261, '2018-03-22', '2021-06-22', 66);
insert into research_activity (id, publication_id, category_Id, title, type, start_time, end_time, corresponding_researcher_Id, holding_time, holding_place, budget, time_of_sending_to_publication, time_of_accepting_by_publication, number_of_pages) values (14, 4, 1, 'Strategies for mitigating food waste and improving food security', 'international', '2017-08-20', '2022-12-07', 51, '2022-12-13', '2020-03-15', 1448, '2018-03-21', '2022-05-28', 69);
insert into research_activity (id, publication_id, category_Id, title, type, start_time, end_time, corresponding_researcher_Id, holding_time, holding_place, budget, time_of_sending_to_publication, time_of_accepting_by_publication, number_of_pages) values (15, 1, 3, 'Implications of robotics and automation on employment', 'national', '2021-09-24', '2015-08-02', 2, '2022-12-12', '2021-11-20', 4062, '2020-03-15', '2018-09-23', 97);
insert into research_activity (id, publication_id, category_Id, title, type, start_time, end_time, corresponding_researcher_Id, holding_time, holding_place, budget, time_of_sending_to_publication, time_of_accepting_by_publication, number_of_pages) values (16, 3, 2, 'The psychology of decision-making and consumer behavior', 'international', '2023-01-26', '2019-10-30', 83, '2017-07-26', '2021-07-26', 2542, '2020-09-17', '2019-08-09', 92);
insert into research_activity (id, publication_id, category_Id, title, type, start_time, end_time, corresponding_researcher_Id, holding_time, holding_place, budget, time_of_sending_to_publication, time_of_accepting_by_publication, number_of_pages) values (17, 4, 1, 'Impacts of artificial intelligence on job market dynamics', 'international', '2020-02-27', '2020-04-30', 55, '2020-04-02', '2021-06-26', 3823, '2018-03-24', '2022-07-12', 110);
insert into research_activity (id, publication_id, category_Id, title, type, start_time, end_time, corresponding_researcher_Id, holding_time, holding_place, budget, time_of_sending_to_publication, time_of_accepting_by_publication, number_of_pages) values (18, 5, 1, 'Addressing mental health stigma in society', 'international', '2019-09-17', '2016-11-11', 4, '2015-09-12', '2020-05-28', 3465, '2019-02-11', '2017-07-06', 127);
insert into research_activity (id, publication_id, category_Id, title, type, start_time, end_time, corresponding_researcher_Id, holding_time, holding_place, budget, time_of_sending_to_publication, time_of_accepting_by_publication, number_of_pages) values (19, 4, 2, 'Role of social entrepreneurship in solving global challenges', 'international', '2017-05-08', '2016-10-26', 30, '2018-08-06', '2020-07-02', 1679, '2017-11-14', '2022-07-26', 131);
insert into research_activity (id, publication_id, category_Id, title, type, start_time, end_time, corresponding_researcher_Id, holding_time, holding_place, budget, time_of_sending_to_publication, time_of_accepting_by_publication, number_of_pages) values (20, 5, 3, 'Impact of renewable energy adoption on economic growth', 'international', '2021-04-28', '2019-03-06', 43, '2018-04-27', '2023-02-22', 211, '2020-06-29', '2023-04-14', 124);
insert into research_activity (id, publication_id, category_Id, title, type, start_time, end_time, corresponding_researcher_Id, holding_time, holding_place, budget, time_of_sending_to_publication, time_of_accepting_by_publication, number_of_pages) values (21, 1, 2, 'Ethical considerations in human genetic research', 'national', '2020-07-31', '2017-10-18', 16, '2018-06-23', '2021-08-11', 753, '2018-07-26', '2016-12-13', 111);
insert into research_activity (id, publication_id, category_Id, title, type, start_time, end_time, corresponding_researcher_Id, holding_time, holding_place, budget, time_of_sending_to_publication, time_of_accepting_by_publication, number_of_pages) values (22, 2, 2, 'Effects of climate change on biodiversity and ecosystems', 'international', '2021-01-01', '2016-01-20', 47, '2018-12-28', '2021-03-03', 1915, '2020-10-24', '2023-04-21', 183);
insert into research_activity (id, publication_id, category_Id, title, type, start_time, end_time, corresponding_researcher_Id, holding_time, holding_place, budget, time_of_sending_to_publication, time_of_accepting_by_publication, number_of_pages) values (23, 5, 3, 'The role of technology in promoting inclusive education', 'national', '2020-09-18', '2016-07-21', 51, '2022-10-15', '2015-09-16', 4100, '2019-05-05', '2016-12-01', 172);
insert into research_activity (id, publication_id, category_Id, title, type, start_time, end_time, corresponding_researcher_Id, holding_time, holding_place, budget, time_of_sending_to_publication, time_of_accepting_by_publication, number_of_pages) values (24, 4, 3, 'Challenges and opportunities in the era of Big Data', 'national', '2021-02-01', '2018-09-25', 30, '2019-11-25', '2022-02-13', 3651, '2017-02-26', '2016-10-23', 81);
insert into research_activity (id, publication_id, category_Id, title, type, start_time, end_time, corresponding_researcher_Id, holding_time, holding_place, budget, time_of_sending_to_publication, time_of_accepting_by_publication, number_of_pages) values (25, 2, 2, 'The psychology of motivation and its impact on productivity', 'national', '2021-11-19', '2017-03-12', 88, '2021-11-07', '2016-02-15', 4102, '2022-03-15', '2016-11-24', 74);
insert into research_activity (id, publication_id, category_Id, title, type, start_time, end_time, corresponding_researcher_Id, holding_time, holding_place, budget, time_of_sending_to_publication, time_of_accepting_by_publication, number_of_pages) values (26, 2, 1, 'Implications of blockchain technology in finance and beyond', 'international', '2016-11-04', '2022-11-03', 92, '2020-03-19', '2017-01-02', 3842, '2018-08-18', '2022-06-29', 125);
insert into research_activity (id, publication_id, category_Id, title, type, start_time, end_time, corresponding_researcher_Id, holding_time, holding_place, budget, time_of_sending_to_publication, time_of_accepting_by_publication, number_of_pages) values (27, 4, 2, 'Promoting sustainable tourism and preserving cultural heritage', 'international', '2020-08-16', '2015-06-03', 65, '2019-09-27', '2022-03-23', 2021, '2021-06-18', '2023-01-24', 105);
insert into research_activity (id, publication_id, category_Id, title, type, start_time, end_time, corresponding_researcher_Id, holding_time, holding_place, budget, time_of_sending_to_publication, time_of_accepting_by_publication, number_of_pages) values (28, 5, 3, 'The impact of social media influencers on consumer behavior', 'national', '2016-06-22', '2023-03-26', 46, '2016-03-07', '2021-10-19', 3437, '2015-07-13', '2016-12-07', 90);
insert into research_activity (id, publication_id, category_Id, title, type, start_time, end_time, corresponding_researcher_Id, holding_time, holding_place, budget, time_of_sending_to_publication, time_of_accepting_by_publication, number_of_pages) values (29, 4, 3, 'Addressing the digital divide and promoting digital literacy', 'national', '2019-01-02', '2021-11-24', 20, '2020-01-28', '2017-03-13', 4490, '2016-06-22', '2019-03-01', 86);
insert into research_activity (id, publication_id, category_Id, title, type, start_time, end_time, corresponding_researcher_Id, holding_time, holding_place, budget, time_of_sending_to_publication, time_of_accepting_by_publication, number_of_pages) values (30, 1, 1, 'Effects of air pollution on public health', 'international', '2020-07-27', '2020-02-14', 77, '2021-10-05', '2017-10-30', 949, '2022-02-19', '2023-04-04', 141);
insert into research_activity (id, publication_id, category_Id, title, type, start_time, end_time, corresponding_researcher_Id, holding_time, holding_place, budget, time_of_sending_to_publication, time_of_accepting_by_publication, number_of_pages) values (31, 4, 1, 'Role of corporate social responsibility in sustainable business practices', 'national', '2018-11-14', '2016-10-16', 30, '2018-06-21', '2016-04-01', 3531, '2020-01-01', '2017-12-19', 104);
insert into research_activity (id, publication_id, category_Id, title, type, start_time, end_time, corresponding_researcher_Id, holding_time, holding_place, budget, time_of_sending_to_publication, time_of_accepting_by_publication, number_of_pages) values (32, 2, 1, 'Exploring the potential of renewable energy sources', 'national', '2016-08-28', '2018-09-11', 54, '2018-08-18', '2023-04-25', 707, '2021-03-29', '2021-12-17', 112);
insert into research_activity (id, publication_id, category_Id, title, type, start_time, end_time, corresponding_researcher_Id, holding_time, holding_place, budget, time_of_sending_to_publication, time_of_accepting_by_publication, number_of_pages) values (33, 3, 2, 'Implications of automation on job displacement and retraining', 'international', '2020-05-18', '2020-10-04', 82, '2021-02-17', '2019-06-23', 1411, '2023-03-20', '2019-12-31', 155);
insert into research_activity (id, publication_id, category_Id, title, type, start_time, end_time, corresponding_researcher_Id, holding_time, holding_place, budget, time_of_sending_to_publication, time_of_accepting_by_publication, number_of_pages) values (34, 1, 1, 'The psychology of resilience and coping mechanisms', 'national', '2022-06-06', '2021-06-30', 26, '2021-08-14', '2016-05-17', 2726, '2022-01-10', '2019-03-16', 200);
insert into research_activity (id, publication_id, category_Id, title, type, start_time, end_time, corresponding_researcher_Id, holding_time, holding_place, budget, time_of_sending_to_publication, time_of_accepting_by_publication, number_of_pages) values (35, 2, 1, 'Assessing the effectiveness of climate change mitigation strategies', 'national', '2018-10-02', '2022-05-28', 22, '2016-01-25', '2021-12-13', 782, '2015-07-08', '2018-02-19', 92);
insert into research_activity (id, publication_id, category_Id, title, type, start_time, end_time, corresponding_researcher_Id, holding_time, holding_place, budget, time_of_sending_to_publication, time_of_accepting_by_publication, number_of_pages) values (36, 1, 3, 'The influence of mass media on political discourse', 'international', '2019-05-13', '2017-09-03', 2, '2023-01-15', '2019-11-01', 1434, '2016-12-07', '2019-08-18', 102);
insert into research_activity (id, publication_id, category_Id, title, type, start_time, end_time, corresponding_researcher_Id, holding_time, holding_place, budget, time_of_sending_to_publication, time_of_accepting_by_publication, number_of_pages) values (37, 2, 3, 'Impacts of globalization on cultural identities', 'national', '2018-04-21', '2019-09-15', 69, '2017-12-28', '2019-10-27', 3957, '2022-12-24', '2016-08-31', 135);
insert into research_activity (id, publication_id, category_Id, title, type, start_time, end_time, corresponding_researcher_Id, holding_time, holding_place, budget, time_of_sending_to_publication, time_of_accepting_by_publication, number_of_pages) values (38, 1, 3, 'Ethical considerations in artificial intelligence development', 'international', '2020-12-08', '2023-01-16', 3, '2022-05-27', '2021-05-01', 3050, '2017-07-16', '2021-10-31', 189);
insert into research_activity (id, publication_id, category_Id, title, type, start_time, end_time, corresponding_researcher_Id, holding_time, holding_place, budget, time_of_sending_to_publication, time_of_accepting_by_publication, number_of_pages) values (39, 1, 2, 'Role of education in reducing poverty and inequality', 'international', '2022-03-03', '2016-04-07', 51, '2018-09-30', '2020-01-21', 1165, '2015-12-23', '2021-12-29', 88);
insert into research_activity (id, publication_id, category_Id, title, type, start_time, end_time, corresponding_researcher_Id, holding_time, holding_place, budget, time_of_sending_to_publication, time_of_accepting_by_publication, number_of_pages) values (40, 1, 3, 'Promoting diversity and inclusion in the workplace', 'international', '2015-10-09', '2017-06-23', 19, '2016-09-08', '2019-08-21', 2574, '2023-03-09', '2018-12-23', 64);
insert into research_activity (id, publication_id, category_Id, title, type, start_time, end_time, corresponding_researcher_Id, holding_time, holding_place, budget, time_of_sending_to_publication, time_of_accepting_by_publication, number_of_pages) values (41, 4, 2, 'Implications of social media on mental health and well-being', 'national', '2017-01-27', '2016-07-27', 78, '2023-04-16', '2022-10-18', 2436, '2021-09-27', '2015-06-13', 181);
insert into research_activity (id, publication_id, category_Id, title, type, start_time, end_time, corresponding_researcher_Id, holding_time, holding_place, budget, time_of_sending_to_publication, time_of_accepting_by_publication, number_of_pages) values (42, 4, 2, 'Sustainable water management in arid regions', 'international', '2017-06-05', '2017-03-31', 2, '2018-05-08', '2018-12-31', 4691, '2021-01-13', '2022-04-21', 189);
insert into research_activity (id, publication_id, category_Id, title, type, start_time, end_time, corresponding_researcher_Id, holding_time, holding_place, budget, time_of_sending_to_publication, time_of_accepting_by_publication, number_of_pages) values (43, 1, 1, 'Effects of plastic pollution on marine ecosystems', 'international', '2019-11-12', '2016-10-09', 20, '2019-12-05', '2015-08-24', 2328, '2017-12-27', '2016-06-24', 139);
insert into research_activity (id, publication_id, category_Id, title, type, start_time, end_time, corresponding_researcher_Id, holding_time, holding_place, budget, time_of_sending_to_publication, time_of_accepting_by_publication, number_of_pages) values (44, 3, 2, 'The psychology of teamwork and collaboration', 'international', '2021-03-23', '2023-03-01', 93, '2020-05-05', '2018-05-18', 555, '2020-11-22', '2016-05-03', 177);
insert into research_activity (id, publication_id, category_Id, title, type, start_time, end_time, corresponding_researcher_Id, holding_time, holding_place, budget, time_of_sending_to_publication, time_of_accepting_by_publication, number_of_pages) values (45, 1, 2, 'Impacts of globalization on traditional industries and craftsmanship', 'national', '2022-02-05', '2021-01-17', 13, '2022-06-06', '2018-07-17', 2875, '2017-12-27', '2018-05-20', 68);
insert into research_activity (id, publication_id, category_Id, title, type, start_time, end_time, corresponding_researcher_Id, holding_time, holding_place, budget, time_of_sending_to_publication, time_of_accepting_by_publication, number_of_pages) values (46, 1, 2, 'Addressing challenges in renewable energy storage', 'national', '2022-02-23', '2021-11-02', 78, '2017-11-20', '2015-11-29', 1821, '2017-12-23', '2020-06-14', 157);
insert into research_activity (id, publication_id, category_Id, title, type, start_time, end_time, corresponding_researcher_Id, holding_time, holding_place, budget, time_of_sending_to_publication, time_of_accepting_by_publication, number_of_pages) values (47, 1, 3, 'The role of technology in disaster management and resilience', 'national', '2021-09-15', '2018-04-25', 67, '2018-02-12', '2021-04-01', 2842, '2022-05-24', '2018-01-13', 53);
insert into research_activity (id, publication_id, category_Id, title, type, start_time, end_time, corresponding_researcher_Id, holding_time, holding_place, budget, time_of_sending_to_publication, time_of_accepting_by_publication, number_of_pages) values (48, 4, 3, 'Ethical considerations in biomedical research and experimentation', 'international', '2020-02-14', '2015-07-23', 83, '2019-01-14', '2019-10-19', 4905, '2020-06-13', '2017-06-04', 50);
insert into research_activity (id, publication_id, category_Id, title, type, start_time, end_time, corresponding_researcher_Id, holding_time, holding_place, budget, time_of_sending_to_publication, time_of_accepting_by_publication, number_of_pages) values (49, 5, 1, 'Implications of automation in the manufacturing sector', 'national', '2020-10-22', '2023-02-07', 84, '2022-07-02', '2023-03-22', 208, '2017-08-19', '2017-10-04', 126);
insert into research_activity (id, publication_id, category_Id, title, type, start_time, end_time, corresponding_researcher_Id, holding_time, holding_place, budget, time_of_sending_to_publication, time_of_accepting_by_publication, number_of_pages) values (50, 2, 1, 'Promoting sustainable consumption patterns and circular economy', 'national', '2015-08-02', '2019-10-01', 19, '2017-06-01', '2016-12-12', 2623, '2020-12-13', '2023-01-30', 143);
insert into research_activity (id, publication_id, category_Id, title, type, start_time, end_time, corresponding_researcher_Id, holding_time, holding_place, budget, time_of_sending_to_publication, time_of_accepting_by_publication, number_of_pages) values (51, 2, 1, 'The impact of artificial intelligence on creative industries', 'national', '2020-06-11', '2019-08-27', 64, '2018-05-14', '2015-09-10', 1409, '2016-02-10', '2020-07-13', 91);
insert into research_activity (id, publication_id, category_Id, title, type, start_time, end_time, corresponding_researcher_Id, holding_time, holding_place, budget, time_of_sending_to_publication, time_of_accepting_by_publication, number_of_pages) values (52, 2, 2, 'Addressing the challenges of aging populations', 'national', '2022-10-12', '2019-01-21', 18, '2021-03-06', '2018-06-03', 4530, '2021-07-26', '2018-04-15', 103);
insert into research_activity (id, publication_id, category_Id, title, type, start_time, end_time, corresponding_researcher_Id, holding_time, holding_place, budget, time_of_sending_to_publication, time_of_accepting_by_publication, number_of_pages) values (53, 5, 2, 'Implications of social media on political activism', 'international', '2022-09-14', '2017-07-04', 16, '2020-10-11', '2016-12-13', 3176, '2021-02-22', '2022-07-06', 64);
insert into research_activity (id, publication_id, category_Id, title, type, start_time, end_time, corresponding_researcher_Id, holding_time, holding_place, budget, time_of_sending_to_publication, time_of_accepting_by_publication, number_of_pages) values (54, 4, 1, 'Sustainable agricultural practices and food production', 'international', '2018-12-17', '2020-01-28', 87, '2020-04-25', '2021-05-29', 1749, '2015-07-18', '2023-01-02', 129);
insert into research_activity (id, publication_id, category_Id, title, type, start_time, end_time, corresponding_researcher_Id, holding_time, holding_place, budget, time_of_sending_to_publication, time_of_accepting_by_publication, number_of_pages) values (55, 1, 1, 'The psychology of addiction and substance abuse', 'international', '2021-09-17', '2018-12-20', 37, '2018-10-12', '2017-12-18', 4821, '2018-12-23', '2019-06-29', 158);
insert into research_activity (id, publication_id, category_Id, title, type, start_time, end_time, corresponding_researcher_Id, holding_time, holding_place, budget, time_of_sending_to_publication, time_of_accepting_by_publication, number_of_pages) values (56, 4, 2, 'Impacts of climate change on public health', 'national', '2021-12-06', '2020-04-01', 23, '2016-10-28', '2021-02-01', 3253, '2018-06-19', '2019-03-13', 155);
insert into research_activity (id, publication_id, category_Id, title, type, start_time, end_time, corresponding_researcher_Id, holding_time, holding_place, budget, time_of_sending_to_publication, time_of_accepting_by_publication, number_of_pages) values (57, 2, 1, 'Role of technology in enhancing learning outcomes', 'international', '2019-06-21', '2019-09-13', 32, '2019-04-25', '2018-10-25', 2067, '2018-05-19', '2018-12-10', 79);
insert into research_activity (id, publication_id, category_Id, title, type, start_time, end_time, corresponding_researcher_Id, holding_time, holding_place, budget, time_of_sending_to_publication, time_of_accepting_by_publication, number_of_pages) values (58, 2, 1, 'Ethical considerations in AI-powered autonomous systems', 'international', '2020-06-17', '2023-03-01', 19, '2017-10-05', '2020-05-13', 977, '2020-04-10', '2017-03-12', 133);
insert into research_activity (id, publication_id, category_Id, title, type, start_time, end_time, corresponding_researcher_Id, holding_time, holding_place, budget, time_of_sending_to_publication, time_of_accepting_by_publication, number_of_pages) values (59, 4, 2, 'Implications of globalization on cultural homogenization', 'national', '2017-02-12', '2023-04-30', 86, '2020-08-24', '2019-11-29', 4081, '2022-04-01', '2022-11-19', 61);
insert into research_activity (id, publication_id, category_Id, title, type, start_time, end_time, corresponding_researcher_Id, holding_time, holding_place, budget, time_of_sending_to_publication, time_of_accepting_by_publication, number_of_pages) values (60, 4, 3, 'Promoting mental health and well-being in the workplace', 'international', '2021-12-28', '2022-10-28', 69, '2020-04-07', '2017-11-17', 1868, '2022-07-16', '2016-12-19', 146);
insert into research_activity (id, publication_id, category_Id, title, type, start_time, end_time, corresponding_researcher_Id, holding_time, holding_place, budget, time_of_sending_to_publication, time_of_accepting_by_publication, number_of_pages) values (61, 3, 1, 'The future of renewable energy technologies', 'international', '2023-01-27', '2018-12-05', 4, '2022-11-17', '2018-04-02', 2306, '2021-04-03', '2021-11-05', 191);
insert into research_activity (id, publication_id, category_Id, title, type, start_time, end_time, corresponding_researcher_Id, holding_time, holding_place, budget, time_of_sending_to_publication, time_of_accepting_by_publication, number_of_pages) values (62, 5, 1, 'Effects of pollution on wildlife and ecosystems', 'international', '2021-05-18', '2021-02-12', 14, '2022-04-13', '2019-06-09', 3728, '2015-10-21', '2021-12-08', 166);
insert into research_activity (id, publication_id, category_Id, title, type, start_time, end_time, corresponding_researcher_Id, holding_time, holding_place, budget, time_of_sending_to_publication, time_of_accepting_by_publication, number_of_pages) values (63, 3, 2, 'The psychology of prejudice and discrimination', 'international', '2017-06-02', '2017-02-05', 80, '2019-11-21', '2021-10-12', 1897, '2020-11-20', '2018-02-23', 192);
insert into research_activity (id, publication_id, category_Id, title, type, start_time, end_time, corresponding_researcher_Id, holding_time, holding_place, budget, time_of_sending_to_publication, time_of_accepting_by_publication, number_of_pages) values (64, 4, 1, 'Impacts of automation on the manufacturing workforce', 'national', '2021-05-05', '2019-11-15', 61, '2016-04-14', '2017-11-12', 1924, '2016-05-02', '2017-02-01', 64);
insert into research_activity (id, publication_id, category_Id, title, type, start_time, end_time, corresponding_researcher_Id, holding_time, holding_place, budget, time_of_sending_to_publication, time_of_accepting_by_publication, number_of_pages) values (65, 1, 2, 'Addressing healthcare disparities in underserved communities', 'international', '2016-01-16', '2019-03-01', 24, '2017-05-11', '2018-04-12', 3947, '2016-11-24', '2020-04-28', 94);
insert into research_activity (id, publication_id, category_Id, title, type, start_time, end_time, corresponding_researcher_Id, holding_time, holding_place, budget, time_of_sending_to_publication, time_of_accepting_by_publication, number_of_pages) values (66, 2, 1, 'Role of social media in shaping political opinions', 'national', '2015-08-22', '2019-05-28', 40, '2018-11-06', '2016-12-31', 2022, '2020-08-07', '2021-02-13', 83);
insert into research_activity (id, publication_id, category_Id, title, type, start_time, end_time, corresponding_researcher_Id, holding_time, holding_place, budget, time_of_sending_to_publication, time_of_accepting_by_publication, number_of_pages) values (67, 3, 3, 'Sustainable waste management and recycling strategies', 'national', '2019-12-15', '2021-07-03', 51, '2018-05-28', '2020-08-28', 690, '2016-11-16', '2019-02-11', 192);
insert into research_activity (id, publication_id, category_Id, title, type, start_time, end_time, corresponding_researcher_Id, holding_time, holding_place, budget, time_of_sending_to_publication, time_of_accepting_by_publication, number_of_pages) values (68, 5, 1, 'The influence of music on mood and emotions', 'national', '2022-09-23', '2017-12-08', 3, '2021-12-05', '2022-05-21', 3822, '2022-09-01', '2020-10-06', 165);
insert into research_activity (id, publication_id, category_Id, title, type, start_time, end_time, corresponding_researcher_Id, holding_time, holding_place, budget, time_of_sending_to_publication, time_of_accepting_by_publication, number_of_pages) values (69, 1, 2, 'Ethical implications of data privacy and surveillance', 'international', '2015-06-18', '2017-01-18', 6, '2020-10-28', '2019-01-17', 317, '2020-12-03', '2022-09-03', 116);
insert into research_activity (id, publication_id, category_Id, title, type, start_time, end_time, corresponding_researcher_Id, holding_time, holding_place, budget, time_of_sending_to_publication, time_of_accepting_by_publication, number_of_pages) values (70, 5, 3, 'Promoting sustainable transportation systems', 'international', '2020-11-06', '2021-02-14', 87, '2023-01-20', '2020-03-21', 2797, '2022-09-25', '2016-05-23', 74);
insert into research_activity (id, publication_id, category_Id, title, type, start_time, end_time, corresponding_researcher_Id, holding_time, holding_place, budget, time_of_sending_to_publication, time_of_accepting_by_publication, number_of_pages) values (71, 2, 3, 'Implications of artificial intelligence in the legal industry', 'national', '2021-03-22', '2018-01-19', 73, '2016-02-10', '2017-11-20', 4694, '2022-03-10', '2019-02-08', 173);
insert into research_activity (id, publication_id, category_Id, title, type, start_time, end_time, corresponding_researcher_Id, holding_time, holding_place, budget, time_of_sending_to_publication, time_of_accepting_by_publication, number_of_pages) values (72, 1, 3, 'Effects of deforestation on climate change', 'international', '2021-02-09', '2022-04-28', 69, '2018-11-09', '2021-08-29', 499, '2018-07-20', '2018-07-21', 104);
insert into research_activity (id, publication_id, category_Id, title, type, start_time, end_time, corresponding_researcher_Id, holding_time, holding_place, budget, time_of_sending_to_publication, time_of_accepting_by_publication, number_of_pages) values (73, 5, 3, 'The psychology of happiness and well-being', 'international', '2018-12-14', '2019-05-14', 65, '2017-12-10', '2023-04-22', 1964, '2018-07-12', '2021-07-29', 122);
insert into research_activity (id, publication_id, category_Id, title, type, start_time, end_time, corresponding_researcher_Id, holding_time, holding_place, budget, time_of_sending_to_publication, time_of_accepting_by_publication, number_of_pages) values (74, 2, 1, 'Impacts of globalization on cultural heritage preservation', 'national', '2019-06-09', '2020-08-11', 91, '2020-12-19', '2022-08-16', 4664, '2023-05-07', '2021-06-14', 197);
insert into research_activity (id, publication_id, category_Id, title, type, start_time, end_time, corresponding_researcher_Id, holding_time, holding_place, budget, time_of_sending_to_publication, time_of_accepting_by_publication, number_of_pages) values (75, 5, 3, 'Addressing educational inequities in disadvantaged areas', 'international', '2023-05-19', '2019-02-10', 88, '2015-07-05', '2018-07-28', 3347, '2021-12-01', '2021-12-19', 140);
insert into research_activity (id, publication_id, category_Id, title, type, start_time, end_time, corresponding_researcher_Id, holding_time, holding_place, budget, time_of_sending_to_publication, time_of_accepting_by_publication, number_of_pages) values (76, 3, 2, 'Role of technology in disaster response and recovery', 'national', '2020-04-23', '2015-07-12', 48, '2019-03-23', '2015-12-19', 1995, '2021-09-19', '2018-04-12', 191);
insert into research_activity (id, publication_id, category_Id, title, type, start_time, end_time, corresponding_researcher_Id, holding_time, holding_place, budget, time_of_sending_to_publication, time_of_accepting_by_publication, number_of_pages) values (77, 5, 3, 'Ethical considerations in human-robot interaction', 'national', '2022-01-27', '2022-06-11', 18, '2022-05-15', '2022-03-14', 2081, '2018-05-26', '2021-12-06', 175);
insert into research_activity (id, publication_id, category_Id, title, type, start_time, end_time, corresponding_researcher_Id, holding_time, holding_place, budget, time_of_sending_to_publication, time_of_accepting_by_publication, number_of_pages) values (78, 4, 2, 'Implications of population growth on resource depletion', 'national', '2017-10-28', '2021-08-13', 88, '2022-10-19', '2017-05-14', 1901, '2022-01-27', '2021-09-10', 139);
insert into research_activity (id, publication_id, category_Id, title, type, start_time, end_time, corresponding_researcher_Id, holding_time, holding_place, budget, time_of_sending_to_publication, time_of_accepting_by_publication, number_of_pages) values (79, 3, 2, 'Promoting renewable energy in developing countries', 'national', '2020-12-01', '2017-08-17', 93, '2017-01-02', '2019-07-26', 2403, '2018-05-04', '2017-07-16', 184);
insert into research_activity (id, publication_id, category_Id, title, type, start_time, end_time, corresponding_researcher_Id, holding_time, holding_place, budget, time_of_sending_to_publication, time_of_accepting_by_publication, number_of_pages) values (80, 5, 3, 'The impact of social media on body image and self-esteem', 'international', '2018-10-03', '2021-06-10', 3, '2022-09-22', '2020-06-16', 2922, '2015-08-04', '2023-04-12', 144);
insert into research_activity (id, publication_id, category_Id, title, type, start_time, end_time, corresponding_researcher_Id, holding_time, holding_place, budget, time_of_sending_to_publication, time_of_accepting_by_publication, number_of_pages) values (81, 4, 1, 'Effects of air quality on respiratory health', 'international', '2017-12-24', '2021-07-15', 69, '2021-12-27', '2020-12-31', 3021, '2018-04-19', '2015-09-17', 195);
insert into research_activity (id, publication_id, category_Id, title, type, start_time, end_time, corresponding_researcher_Id, holding_time, holding_place, budget, time_of_sending_to_publication, time_of_accepting_by_publication, number_of_pages) values (82, 4, 3, 'The psychology of leadership and effective management', 'national', '2019-12-10', '2020-03-19', 25, '2018-08-15', '2022-07-02', 3935, '2022-02-07', '2019-08-06', 172);
insert into research_activity (id, publication_id, category_Id, title, type, start_time, end_time, corresponding_researcher_Id, holding_time, holding_place, budget, time_of_sending_to_publication, time_of_accepting_by_publication, number_of_pages) values (83, 2, 3, 'Impacts of urban sprawl on natural habitats', 'national', '2023-02-08', '2021-10-04', 50, '2022-12-07', '2018-05-29', 4914, '2016-08-27', '2023-01-26', 102);
insert into research_activity (id, publication_id, category_Id, title, type, start_time, end_time, corresponding_researcher_Id, holding_time, holding_place, budget, time_of_sending_to_publication, time_of_accepting_by_publication, number_of_pages) values (84, 1, 2, 'Addressing food deserts and improving access to healthy food', 'national', '2018-04-27', '2016-09-22', 86, '2023-01-30', '2023-03-09', 1640, '2019-12-25', '2022-02-19', 176);
insert into research_activity (id, publication_id, category_Id, title, type, start_time, end_time, corresponding_researcher_Id, holding_time, holding_place, budget, time_of_sending_to_publication, time_of_accepting_by_publication, number_of_pages) values (85, 3, 2, 'Role of technology in promoting financial inclusion', 'international', '2019-09-28', '2018-12-11', 6, '2019-01-01', '2017-12-23', 2571, '2021-02-20', '2016-03-15', 75);
insert into research_activity (id, publication_id, category_Id, title, type, start_time, end_time, corresponding_researcher_Id, holding_time, holding_place, budget, time_of_sending_to_publication, time_of_accepting_by_publication, number_of_pages) values (86, 1, 2, 'Ethical implications of autonomous weapons systems', 'national', '2015-06-09', '2019-02-05', 96, '2016-10-27', '2023-04-27', 3593, '2020-11-30', '2022-08-01', 85);
insert into research_activity (id, publication_id, category_Id, title, type, start_time, end_time, corresponding_researcher_Id, holding_time, holding_place, budget, time_of_sending_to_publication, time_of_accepting_by_publication, number_of_pages) values (87, 2, 2, 'Implications of artificial intelligence in the entertainment industry', 'national', '2022-10-10', '2021-11-30', 85, '2016-11-29', '2017-07-30', 4635, '2016-06-09', '2017-01-18', 103);
insert into research_activity (id, publication_id, category_Id, title, type, start_time, end_time, corresponding_researcher_Id, holding_time, holding_place, budget, time_of_sending_to_publication, time_of_accepting_by_publication, number_of_pages) values (88, 4, 1, 'Effects of pollution on freshwater ecosystems', 'international', '2015-08-16', '2020-08-26', 25, '2016-05-23', '2022-02-05', 2895, '2021-09-21', '2019-09-21', 94);
insert into research_activity (id, publication_id, category_Id, title, type, start_time, end_time, corresponding_researcher_Id, holding_time, holding_place, budget, time_of_sending_to_publication, time_of_accepting_by_publication, number_of_pages) values (89, 3, 3, 'The psychology of learning and memory retention', 'national', '2022-08-30', '2020-10-27', 16, '2018-05-28', '2021-04-01', 2161, '2016-10-20', '2021-01-04', 73);
insert into research_activity (id, publication_id, category_Id, title, type, start_time, end_time, corresponding_researcher_Id, holding_time, holding_place, budget, time_of_sending_to_publication, time_of_accepting_by_publication, number_of_pages) values (90, 2, 1, 'Promoting sustainable fashion and ethical clothing industry', 'international', '2021-05-01', '2023-02-02', 27, '2017-03-31', '2019-10-12', 264, '2015-11-26', '2020-09-21', 146);
insert into research_activity (id, publication_id, category_Id, title, type, start_time, end_time, corresponding_researcher_Id, holding_time, holding_place, budget, time_of_sending_to_publication, time_of_accepting_by_publication, number_of_pages) values (91, 2, 1, 'The future of smart cities and urban development', 'international', '2017-11-18', '2016-03-24', 81, '2018-09-26', '2022-09-11', 4634, '2018-09-24', '2015-12-02', 100);
insert into research_activity (id, publication_id, category_Id, title, type, start_time, end_time, corresponding_researcher_Id, holding_time, holding_place, budget, time_of_sending_to_publication, time_of_accepting_by_publication, number_of_pages) values (92, 2, 3, 'Impacts of globalization on traditional cultural practices', 'international', '2019-11-09', '2018-06-13', 49, '2020-10-25', '2018-06-10', 181, '2023-03-20', '2018-10-16', 91);
insert into research_activity (id, publication_id, category_Id, title, type, start_time, end_time, corresponding_researcher_Id, holding_time, holding_place, budget, time_of_sending_to_publication, time_of_accepting_by_publication, number_of_pages) values (93, 1, 3, 'Addressing social inequality through inclusive policies', 'international', '2021-12-30', '2020-07-23', 78, '2019-08-21', '2017-03-31', 2516, '2019-07-29', '2020-10-08', 109);
insert into research_activity (id, publication_id, category_Id, title, type, start_time, end_time, corresponding_researcher_Id, holding_time, holding_place, budget, time_of_sending_to_publication, time_of_accepting_by_publication, number_of_pages) values (94, 1, 1, 'Role of technology in disaster early warning systems', 'national', '2021-11-09', '2019-05-20', 17, '2022-06-27', '2019-01-17', 4271, '2022-07-15', '2016-09-25', 200);
insert into research_activity (id, publication_id, category_Id, title, type, start_time, end_time, corresponding_researcher_Id, holding_time, holding_place, budget, time_of_sending_to_publication, time_of_accepting_by_publication, number_of_pages) values (95, 2, 2, 'Ethical considerations in human augmentation technologies', 'national', '2020-06-03', '2022-02-09', 6, '2021-01-10', '2023-01-10', 2921, '2016-10-16', '2019-03-16', 121);
insert into research_activity (id, publication_id, category_Id, title, type, start_time, end_time, corresponding_researcher_Id, holding_time, holding_place, budget, time_of_sending_to_publication, time_of_accepting_by_publication, number_of_pages) values (96, 4, 2, 'Implications of social media on political polarization', 'national', '2019-09-26', '2022-08-14', 54, '2019-02-08', '2019-10-25', 2723, '2022-05-22', '2016-06-24', 197);
insert into research_activity (id, publication_id, category_Id, title, type, start_time, end_time, corresponding_researcher_Id, holding_time, holding_place, budget, time_of_sending_to_publication, time_of_accepting_by_publication, number_of_pages) values (97, 4, 2, 'Effects of noise pollution on human health', 'national', '2021-02-12', '2016-06-12', 10, '2018-10-17', '2018-08-08', 4479, '2021-03-11', '2021-06-05', 148);
insert into research_activity (id, publication_id, category_Id, title, type, start_time, end_time, corresponding_researcher_Id, holding_time, holding_place, budget, time_of_sending_to_publication, time_of_accepting_by_publication, number_of_pages) values (98, 2, 2, 'The psychology of resilience in the face of adversity', 'national', '2016-10-05', '2019-01-23', 100, '2017-05-02', '2018-10-08', 2422, '2015-09-03', '2019-10-12', 62);
insert into research_activity (id, publication_id, category_Id, title, type, start_time, end_time, corresponding_researcher_Id, holding_time, holding_place, budget, time_of_sending_to_publication, time_of_accepting_by_publication, number_of_pages) values (99, 1, 2, 'Impacts of globalization on labor rights and workers'' conditions', 'international', '2016-07-01', '2019-09-09', 38, '2018-09-14', '2019-01-26', 4855, '2020-01-28', '2015-09-03', 173);
insert into research_activity (id, publication_id, category_Id, title, type, start_time, end_time, corresponding_researcher_Id, holding_time, holding_place, budget, time_of_sending_to_publication, time_of_accepting_by_publication, number_of_pages) values (100, 3, 3, 'Promoting sustainable tourism practices and responsible travel.', 'national', '2020-08-03', '2017-03-29', 7, '2017-02-26', '2018-10-18', 1564, '2018-12-31', '2020-11-04', 195);
insert into research_activity (id, publication_id, category_Id, title, type, start_time, end_time, corresponding_researcher_Id, holding_time, holding_place, budget, time_of_sending_to_publication, time_of_accepting_by_publication, number_of_pages) values (101, 1, 2, 'Impact of social media on interpersonal relationships', 'national', '2016-05-30', '2015-09-17', 25, '2019-09-06', '2015-06-15', 4684, '2019-08-21', '2021-08-15', 172);
insert into research_activity (id, publication_id, category_Id, title, type, start_time, end_time, corresponding_researcher_Id, holding_time, holding_place, budget, time_of_sending_to_publication, time_of_accepting_by_publication, number_of_pages) values (102, 4, 1, 'Role of artificial intelligence in healthcare', 'international', '2016-04-17', '2020-09-14', 32, '2018-11-04', '2018-01-19', 3944, '2019-04-24', '2020-03-08', 145);
insert into research_activity (id, publication_id, category_Id, title, type, start_time, end_time, corresponding_researcher_Id, holding_time, holding_place, budget, time_of_sending_to_publication, time_of_accepting_by_publication, number_of_pages) values (103, 4, 3, 'Sustainable energy solutions for combating climate change', 'international', '2018-12-16', '2021-04-22', 74, '2023-04-21', '2017-07-11', 144, '2021-02-05', '2015-08-30', 96);
insert into research_activity (id, publication_id, category_Id, title, type, start_time, end_time, corresponding_researcher_Id, holding_time, holding_place, budget, time_of_sending_to_publication, time_of_accepting_by_publication, number_of_pages) values (104, 1, 2, 'Effects of globalization on local economies', 'national', '2018-07-02', '2018-03-11', 84, '2023-02-25', '2022-12-30', 4323, '2018-08-03', '2021-06-04', 177);
insert into research_activity (id, publication_id, category_Id, title, type, start_time, end_time, corresponding_researcher_Id, holding_time, holding_place, budget, time_of_sending_to_publication, time_of_accepting_by_publication, number_of_pages) values (105, 2, 1, 'Gender equality and empowerment in the workplace', 'national', '2022-07-25', '2021-06-04', 96, '2022-05-23', '2017-01-06', 2166, '2021-06-19', '2020-02-02', 196);
insert into research_activity (id, publication_id, category_Id, title, type, start_time, end_time, corresponding_researcher_Id, holding_time, holding_place, budget, time_of_sending_to_publication, time_of_accepting_by_publication, number_of_pages) values (106, 3, 2, 'Ethical implications of genetic engineering and biotechnology', 'international', '2016-04-09', '2015-12-10', 20, '2018-12-19', '2020-09-28', 4630, '2015-07-03', '2017-01-27', 183);
insert into research_activity (id, publication_id, category_Id, title, type, start_time, end_time, corresponding_researcher_Id, holding_time, holding_place, budget, time_of_sending_to_publication, time_of_accepting_by_publication, number_of_pages) values (107, 1, 3, 'Cybersecurity challenges in the digital age', 'international', '2019-12-09', '2018-03-27', 9, '2019-11-25', '2022-09-13', 201, '2015-07-18', '2022-09-04', 99);
insert into research_activity (id, publication_id, category_Id, title, type, start_time, end_time, corresponding_researcher_Id, holding_time, holding_place, budget, time_of_sending_to_publication, time_of_accepting_by_publication, number_of_pages) values (108, 4, 2, 'The future of autonomous vehicles and transportation systems', 'international', '2018-04-08', '2016-12-27', 68, '2018-11-15', '2020-02-02', 4182, '2022-04-05', '2016-07-05', 126);
insert into research_activity (id, publication_id, category_Id, title, type, start_time, end_time, corresponding_researcher_Id, holding_time, holding_place, budget, time_of_sending_to_publication, time_of_accepting_by_publication, number_of_pages) values (109, 5, 1, 'Psychological effects of virtual reality technology', 'international', '2022-10-11', '2020-03-02', 74, '2022-01-06', '2019-09-30', 3065, '2016-10-30', '2022-12-05', 58);
insert into research_activity (id, publication_id, category_Id, title, type, start_time, end_time, corresponding_researcher_Id, holding_time, holding_place, budget, time_of_sending_to_publication, time_of_accepting_by_publication, number_of_pages) values (110, 3, 3, 'Impacts of income inequality on societal well-being', 'international', '2022-02-23', '2019-02-17', 15, '2019-10-30', '2019-06-08', 3092, '2022-09-06', '2018-03-08', 158);
insert into research_activity (id, publication_id, category_Id, title, type, start_time, end_time, corresponding_researcher_Id, holding_time, holding_place, budget, time_of_sending_to_publication, time_of_accepting_by_publication, number_of_pages) values (111, 5, 3, 'Role of education in promoting sustainable development', 'national', '2018-03-21', '2017-11-28', 40, '2017-03-10', '2020-03-21', 1863, '2020-01-30', '2020-04-24', 89);
insert into research_activity (id, publication_id, category_Id, title, type, start_time, end_time, corresponding_researcher_Id, holding_time, holding_place, budget, time_of_sending_to_publication, time_of_accepting_by_publication, number_of_pages) values (112, 4, 2, 'Effects of urbanization on the environment and quality of life', 'national', '2017-06-09', '2021-05-15', 89, '2021-05-19', '2021-09-10', 2604, '2019-10-28', '2020-09-13', 70);
insert into research_activity (id, publication_id, category_Id, title, type, start_time, end_time, corresponding_researcher_Id, holding_time, holding_place, budget, time_of_sending_to_publication, time_of_accepting_by_publication, number_of_pages) values (113, 3, 3, 'The influence of cultural diversity on organizational performance', 'national', '2015-10-19', '2018-12-19', 8, '2020-06-08', '2015-10-09', 3782, '2020-09-27', '2023-01-16', 145);
insert into research_activity (id, publication_id, category_Id, title, type, start_time, end_time, corresponding_researcher_Id, holding_time, holding_place, budget, time_of_sending_to_publication, time_of_accepting_by_publication, number_of_pages) values (114, 5, 2, 'Strategies for mitigating food waste and improving food security', 'international', '2019-05-01', '2020-03-27', 79, '2018-12-16', '2017-04-04', 1068, '2016-08-27', '2019-08-01', 144);
insert into research_activity (id, publication_id, category_Id, title, type, start_time, end_time, corresponding_researcher_Id, holding_time, holding_place, budget, time_of_sending_to_publication, time_of_accepting_by_publication, number_of_pages) values (115, 2, 1, 'Implications of robotics and automation on employment', 'international', '2017-08-11', '2018-02-14', 32, '2019-01-16', '2018-11-09', 2618, '2022-03-09', '2017-06-29', 153);
insert into research_activity (id, publication_id, category_Id, title, type, start_time, end_time, corresponding_researcher_Id, holding_time, holding_place, budget, time_of_sending_to_publication, time_of_accepting_by_publication, number_of_pages) values (116, 1, 1, 'The psychology of decision-making and consumer behavior', 'national', '2022-05-12', '2016-09-04', 65, '2016-05-02', '2021-05-07', 1544, '2015-06-28', '2016-01-27', 184);
insert into research_activity (id, publication_id, category_Id, title, type, start_time, end_time, corresponding_researcher_Id, holding_time, holding_place, budget, time_of_sending_to_publication, time_of_accepting_by_publication, number_of_pages) values (117, 2, 3, 'Impacts of artificial intelligence on job market dynamics', 'international', '2021-04-19', '2020-02-21', 92, '2023-01-29', '2019-06-01', 1518, '2022-02-02', '2017-10-08', 123);
insert into research_activity (id, publication_id, category_Id, title, type, start_time, end_time, corresponding_researcher_Id, holding_time, holding_place, budget, time_of_sending_to_publication, time_of_accepting_by_publication, number_of_pages) values (118, 2, 2, 'Addressing mental health stigma in society', 'international', '2022-07-28', '2016-10-12', 54, '2018-05-31', '2016-03-19', 880, '2021-07-04', '2019-08-13', 141);
insert into research_activity (id, publication_id, category_Id, title, type, start_time, end_time, corresponding_researcher_Id, holding_time, holding_place, budget, time_of_sending_to_publication, time_of_accepting_by_publication, number_of_pages) values (119, 1, 3, 'Role of social entrepreneurship in solving global challenges', 'international', '2021-09-03', '2016-03-08', 36, '2022-07-27', '2019-11-12', 1060, '2023-04-27', '2022-08-22', 143);
insert into research_activity (id, publication_id, category_Id, title, type, start_time, end_time, corresponding_researcher_Id, holding_time, holding_place, budget, time_of_sending_to_publication, time_of_accepting_by_publication, number_of_pages) values (120, 5, 3, 'Impact of renewable energy adoption on economic growth', 'national', '2023-02-14', '2023-01-28', 37, '2020-12-14', '2021-12-14', 557, '2016-06-02', '2022-10-27', 124);
insert into research_activity (id, publication_id, category_Id, title, type, start_time, end_time, corresponding_researcher_Id, holding_time, holding_place, budget, time_of_sending_to_publication, time_of_accepting_by_publication, number_of_pages) values (121, 4, 1, 'Ethical considerations in human genetic research', 'international', '2020-05-08', '2015-12-12', 16, '2019-08-03', '2020-01-31', 1195, '2023-05-11', '2020-10-10', 176);
insert into research_activity (id, publication_id, category_Id, title, type, start_time, end_time, corresponding_researcher_Id, holding_time, holding_place, budget, time_of_sending_to_publication, time_of_accepting_by_publication, number_of_pages) values (122, 5, 1, 'Effects of climate change on biodiversity and ecosystems', 'national', '2018-12-08', '2018-07-05', 56, '2018-09-26', '2015-11-24', 2982, '2018-08-03', '2018-09-23', 127);
insert into research_activity (id, publication_id, category_Id, title, type, start_time, end_time, corresponding_researcher_Id, holding_time, holding_place, budget, time_of_sending_to_publication, time_of_accepting_by_publication, number_of_pages) values (123, 1, 2, 'The role of technology in promoting inclusive education', 'international', '2017-11-23', '2022-06-18', 36, '2021-10-30', '2022-07-01', 3485, '2023-01-30', '2020-06-23', 78);
insert into research_activity (id, publication_id, category_Id, title, type, start_time, end_time, corresponding_researcher_Id, holding_time, holding_place, budget, time_of_sending_to_publication, time_of_accepting_by_publication, number_of_pages) values (124, 3, 2, 'Challenges and opportunities in the era of Big Data', 'international', '2016-06-08', '2022-01-08', 70, '2017-09-27', '2020-02-24', 685, '2015-08-11', '2015-11-24', 54);
insert into research_activity (id, publication_id, category_Id, title, type, start_time, end_time, corresponding_researcher_Id, holding_time, holding_place, budget, time_of_sending_to_publication, time_of_accepting_by_publication, number_of_pages) values (125, 5, 3, 'The psychology of motivation and its impact on productivity', 'international', '2015-10-12', '2017-05-04', 100, '2015-06-15', '2017-12-26', 105, '2021-10-29', '2021-03-12', 173);
insert into research_activity (id, publication_id, category_Id, title, type, start_time, end_time, corresponding_researcher_Id, holding_time, holding_place, budget, time_of_sending_to_publication, time_of_accepting_by_publication, number_of_pages) values (126, 2, 2, 'Implications of blockchain technology in finance and beyond', 'international', '2016-10-02', '2021-02-17', 14, '2017-11-03', '2022-06-30', 1581, '2021-05-23', '2020-02-26', 143);
insert into research_activity (id, publication_id, category_Id, title, type, start_time, end_time, corresponding_researcher_Id, holding_time, holding_place, budget, time_of_sending_to_publication, time_of_accepting_by_publication, number_of_pages) values (127, 1, 3, 'Promoting sustainable tourism and preserving cultural heritage', 'national', '2021-01-02', '2019-12-10', 34, '2017-11-20', '2018-05-03', 994, '2017-11-30', '2017-11-14', 190);
insert into research_activity (id, publication_id, category_Id, title, type, start_time, end_time, corresponding_researcher_Id, holding_time, holding_place, budget, time_of_sending_to_publication, time_of_accepting_by_publication, number_of_pages) values (128, 5, 3, 'The impact of social media influencers on consumer behavior', 'international', '2022-11-17', '2016-06-12', 15, '2022-01-01', '2016-07-17', 366, '2019-11-25', '2021-08-27', 140);
insert into research_activity (id, publication_id, category_Id, title, type, start_time, end_time, corresponding_researcher_Id, holding_time, holding_place, budget, time_of_sending_to_publication, time_of_accepting_by_publication, number_of_pages) values (129, 1, 1, 'Addressing the digital divide and promoting digital literacy', 'national', '2021-11-18', '2019-03-12', 92, '2020-04-10', '2018-08-27', 2251, '2015-06-17', '2020-12-09', 165);
insert into research_activity (id, publication_id, category_Id, title, type, start_time, end_time, corresponding_researcher_Id, holding_time, holding_place, budget, time_of_sending_to_publication, time_of_accepting_by_publication, number_of_pages) values (130, 5, 3, 'Effects of air pollution on public health', 'international', '2015-07-12', '2016-11-24', 72, '2016-11-25', '2022-06-09', 2541, '2020-11-16', '2018-09-06', 152);
insert into research_activity (id, publication_id, category_Id, title, type, start_time, end_time, corresponding_researcher_Id, holding_time, holding_place, budget, time_of_sending_to_publication, time_of_accepting_by_publication, number_of_pages) values (131, 1, 3, 'Role of corporate social responsibility in sustainable business practices', 'national', '2016-07-29', '2017-10-18', 94, '2020-07-15', '2015-08-03', 3200, '2018-12-08', '2019-06-07', 106);
insert into research_activity (id, publication_id, category_Id, title, type, start_time, end_time, corresponding_researcher_Id, holding_time, holding_place, budget, time_of_sending_to_publication, time_of_accepting_by_publication, number_of_pages) values (132, 5, 1, 'Exploring the potential of renewable energy sources', 'international', '2020-11-07', '2020-04-15', 62, '2015-11-19', '2022-10-31', 2936, '2018-09-09', '2023-03-16', 96);
insert into research_activity (id, publication_id, category_Id, title, type, start_time, end_time, corresponding_researcher_Id, holding_time, holding_place, budget, time_of_sending_to_publication, time_of_accepting_by_publication, number_of_pages) values (133, 1, 2, 'Implications of automation on job displacement and retraining', 'national', '2019-06-09', '2015-10-11', 96, '2015-10-23', '2020-02-15', 785, '2019-11-20', '2021-08-04', 108);
insert into research_activity (id, publication_id, category_Id, title, type, start_time, end_time, corresponding_researcher_Id, holding_time, holding_place, budget, time_of_sending_to_publication, time_of_accepting_by_publication, number_of_pages) values (134, 4, 2, 'The psychology of resilience and coping mechanisms', 'national', '2019-03-07', '2021-11-28', 94, '2019-11-24', '2021-06-24', 680, '2019-12-03', '2017-07-02', 138);
insert into research_activity (id, publication_id, category_Id, title, type, start_time, end_time, corresponding_researcher_Id, holding_time, holding_place, budget, time_of_sending_to_publication, time_of_accepting_by_publication, number_of_pages) values (135, 5, 2, 'Assessing the effectiveness of climate change mitigation strategies', 'international', '2021-12-30', '2017-07-10', 55, '2015-07-30', '2021-07-01', 391, '2018-11-17', '2016-01-23', 188);
insert into research_activity (id, publication_id, category_Id, title, type, start_time, end_time, corresponding_researcher_Id, holding_time, holding_place, budget, time_of_sending_to_publication, time_of_accepting_by_publication, number_of_pages) values (136, 5, 1, 'The influence of mass media on political discourse', 'national', '2019-07-10', '2015-07-30', 60, '2021-10-31', '2017-11-25', 1035, '2022-01-31', '2019-07-28', 69);
insert into research_activity (id, publication_id, category_Id, title, type, start_time, end_time, corresponding_researcher_Id, holding_time, holding_place, budget, time_of_sending_to_publication, time_of_accepting_by_publication, number_of_pages) values (137, 5, 3, 'Impacts of globalization on cultural identities', 'national', '2022-08-20', '2021-10-10', 97, '2023-04-23', '2021-06-12', 1785, '2016-09-21', '2015-12-10', 107);
insert into research_activity (id, publication_id, category_Id, title, type, start_time, end_time, corresponding_researcher_Id, holding_time, holding_place, budget, time_of_sending_to_publication, time_of_accepting_by_publication, number_of_pages) values (138, 2, 3, 'Ethical considerations in artificial intelligence development', 'international', '2018-03-15', '2021-03-02', 19, '2015-08-24', '2016-11-11', 4733, '2015-06-10', '2017-11-25', 196);
insert into research_activity (id, publication_id, category_Id, title, type, start_time, end_time, corresponding_researcher_Id, holding_time, holding_place, budget, time_of_sending_to_publication, time_of_accepting_by_publication, number_of_pages) values (139, 1, 3, 'Role of education in reducing poverty and inequality', 'national', '2020-10-12', '2020-03-05', 12, '2023-02-05', '2017-08-22', 4537, '2017-12-21', '2015-10-15', 196);
insert into research_activity (id, publication_id, category_Id, title, type, start_time, end_time, corresponding_researcher_Id, holding_time, holding_place, budget, time_of_sending_to_publication, time_of_accepting_by_publication, number_of_pages) values (140, 5, 1, 'Promoting diversity and inclusion in the workplace', 'international', '2023-05-14', '2019-10-11', 97, '2018-06-12', '2021-10-17', 190, '2022-08-31', '2021-03-18', 106);
insert into research_activity (id, publication_id, category_Id, title, type, start_time, end_time, corresponding_researcher_Id, holding_time, holding_place, budget, time_of_sending_to_publication, time_of_accepting_by_publication, number_of_pages) values (141, 1, 1, 'Implications of social media on mental health and well-being', 'national', '2021-06-24', '2015-11-04', 48, '2018-08-26', '2021-01-14', 4947, '2019-03-21', '2016-04-16', 166);
insert into research_activity (id, publication_id, category_Id, title, type, start_time, end_time, corresponding_researcher_Id, holding_time, holding_place, budget, time_of_sending_to_publication, time_of_accepting_by_publication, number_of_pages) values (142, 3, 1, 'Sustainable water management in arid regions', 'international', '2015-10-15', '2015-11-27', 44, '2015-07-20', '2023-03-15', 1022, '2023-01-10', '2021-02-10', 164);
insert into research_activity (id, publication_id, category_Id, title, type, start_time, end_time, corresponding_researcher_Id, holding_time, holding_place, budget, time_of_sending_to_publication, time_of_accepting_by_publication, number_of_pages) values (143, 5, 2, 'Effects of plastic pollution on marine ecosystems', 'national', '2016-08-05', '2022-06-13', 10, '2019-06-27', '2022-09-25', 882, '2022-08-20', '2020-06-03', 102);
insert into research_activity (id, publication_id, category_Id, title, type, start_time, end_time, corresponding_researcher_Id, holding_time, holding_place, budget, time_of_sending_to_publication, time_of_accepting_by_publication, number_of_pages) values (144, 2, 2, 'The psychology of teamwork and collaboration', 'national', '2016-06-16', '2018-05-22', 43, '2016-10-16', '2017-08-18', 2646, '2017-12-30', '2019-04-10', 107);
insert into research_activity (id, publication_id, category_Id, title, type, start_time, end_time, corresponding_researcher_Id, holding_time, holding_place, budget, time_of_sending_to_publication, time_of_accepting_by_publication, number_of_pages) values (145, 2, 3, 'Impacts of globalization on traditional industries and craftsmanship', 'international', '2015-10-19', '2020-01-31', 52, '2020-03-01', '2018-12-20', 2675, '2017-06-14', '2015-12-12', 176);
insert into research_activity (id, publication_id, category_Id, title, type, start_time, end_time, corresponding_researcher_Id, holding_time, holding_place, budget, time_of_sending_to_publication, time_of_accepting_by_publication, number_of_pages) values (146, 3, 1, 'Addressing challenges in renewable energy storage', 'international', '2019-02-15', '2018-10-13', 10, '2023-03-01', '2020-11-05', 4493, '2018-04-15', '2022-08-24', 114);
insert into research_activity (id, publication_id, category_Id, title, type, start_time, end_time, corresponding_researcher_Id, holding_time, holding_place, budget, time_of_sending_to_publication, time_of_accepting_by_publication, number_of_pages) values (147, 3, 1, 'The role of technology in disaster management and resilience', 'national', '2020-01-22', '2017-09-07', 92, '2020-03-22', '2018-01-23', 1324, '2020-10-21', '2021-01-19', 67);
insert into research_activity (id, publication_id, category_Id, title, type, start_time, end_time, corresponding_researcher_Id, holding_time, holding_place, budget, time_of_sending_to_publication, time_of_accepting_by_publication, number_of_pages) values (148, 3, 1, 'Ethical considerations in biomedical research and experimentation', 'international', '2021-03-16', '2023-01-26', 24, '2019-01-18', '2017-05-12', 141, '2016-07-04', '2021-03-26', 74);
insert into research_activity (id, publication_id, category_Id, title, type, start_time, end_time, corresponding_researcher_Id, holding_time, holding_place, budget, time_of_sending_to_publication, time_of_accepting_by_publication, number_of_pages) values (149, 2, 1, 'Implications of automation in the manufacturing sector', 'national', '2020-03-01', '2015-10-15', 70, '2020-01-06', '2021-08-30', 4466, '2020-06-14', '2023-01-13', 129);
insert into research_activity (id, publication_id, category_Id, title, type, start_time, end_time, corresponding_researcher_Id, holding_time, holding_place, budget, time_of_sending_to_publication, time_of_accepting_by_publication, number_of_pages) values (150, 1, 3, 'Promoting sustainable consumption patterns and circular economy', 'international', '2018-10-03', '2022-04-21', 32, '2018-12-07', '2021-06-19', 4885, '2022-02-13', '2020-06-10', 133);

insert into institute (id, institute_Type_Id, name, current_Budget) values (1, 1, 'Kertzmann, Brown and Schowalter', 7981);
insert into institute (id, institute_Type_Id, name, current_Budget) values (2, 2, 'Leuschke-Streich', 8827);
insert into institute (id, institute_Type_Id, name, current_Budget) values (3, 1, 'Borer and Sons', 73158);
insert into institute (id, institute_Type_Id, name, current_Budget) values (4, 2, 'Hane, Hills and Wiegand', 18136);
insert into institute (id, institute_Type_Id, name, current_Budget) values (5, 2, 'Lindgren and Sons', 32208);
insert into institute (id, institute_Type_Id, name, current_Budget) values (6, 2, 'Baumbach, Doyle and Morar', 11485);
insert into institute (id, institute_Type_Id, name, current_Budget) values (7, 2, 'Cole and Sons', 85654);
insert into institute (id, institute_Type_Id, name, current_Budget) values (8, 2, 'Trantow Inc', 29137);
insert into institute (id, institute_Type_Id, name, current_Budget) values (9, 1, 'Pagac Inc', 80204);
insert into institute (id, institute_Type_Id, name, current_Budget) values (10, 2, 'Graham, Russel and Lynch', 96974);
insert into institute (id, institute_Type_Id, name, current_Budget) values (11, 2, 'Gerlach and Sons', 19704);
insert into institute (id, institute_Type_Id, name, current_Budget) values (12, 2, 'Dibbert, Considine and McCullough', 28249);
insert into institute (id, institute_Type_Id, name, current_Budget) values (13, 2, 'Mertz-Morar', 83847);
insert into institute (id, institute_Type_Id, name, current_Budget) values (14, 1, 'Homenick, Robel and Carter', 62812);
insert into institute (id, institute_Type_Id, name, current_Budget) values (15, 1, 'Nader and Sons', 13961);

insert into staff (id, name, institute_id, birthdate, post_id, salary, Current_staff) values (1, 'Kira Piatkow', 13, '1999-11-07', 6, 640, false);
insert into staff (id, name, institute_id, birthdate, post_id, salary, Current_staff) values (2, 'Helenelizabeth Whitehall', 2, '1974-05-05', 3, 316, false);
insert into staff (id, name, institute_id, birthdate, post_id, salary, Current_staff) values (3, 'Farlee Rosina', 14, '1969-11-02', 2, 793, false);
insert into staff (id, name, institute_id, birthdate, post_id, salary, Current_staff) values (4, 'Daphna Coyett', 5, '1970-06-21', 2, 318, false);
insert into staff (id, name, institute_id, birthdate, post_id, salary, Current_staff) values (5, 'Yovonnda Tinham', 2, '1974-02-04', 1, 445, true);
insert into staff (id, name, institute_id, birthdate, post_id, salary, Current_staff) values (6, 'Chico Cumberledge', 3, '1977-09-21', 1, 594, true);
insert into staff (id, name, institute_id, birthdate, post_id, salary, Current_staff) values (7, 'Granville Leadstone', 10, '1961-10-30', 3, 814, true);
insert into staff (id, name, institute_id, birthdate, post_id, salary, Current_staff) values (8, 'Ros McPhillimey', 10, '1996-01-28', 5, 338, true);
insert into staff (id, name, institute_id, birthdate, post_id, salary, Current_staff) values (9, 'Meggy De Biasi', 3, '1985-08-28', 1, 729, false);
insert into staff (id, name, institute_id, birthdate, post_id, salary, Current_staff) values (10, 'Paola Elliman', 7, '1987-11-12', 5, 156, true);
insert into staff (id, name, institute_id, birthdate, post_id, salary, Current_staff) values (11, 'Raven Utton', 1, '1995-06-04', 6, 817, false);
insert into staff (id, name, institute_id, birthdate, post_id, salary, Current_staff) values (12, 'Vivi Ferrant', 4, '1984-02-01', 3, 765, false);
insert into staff (id, name, institute_id, birthdate, post_id, salary, Current_staff) values (13, 'Tremain Camamile', 7, '1995-11-23', 5, 149, true);
insert into staff (id, name, institute_id, birthdate, post_id, salary, Current_staff) values (14, 'Marcie Comsty', 5, '1971-11-21', 6, 957, false);
insert into staff (id, name, institute_id, birthdate, post_id, salary, Current_staff) values (15, 'Celeste Haresign', 11, '1963-12-15', 6, 571, false);
insert into staff (id, name, institute_id, birthdate, post_id, salary, Current_staff) values (16, 'Trina Gheeorghie', 6, '1989-02-15', 5, 555, false);
insert into staff (id, name, institute_id, birthdate, post_id, salary, Current_staff) values (17, 'Leighton Guerner', 5, '1986-02-21', 2, 927, true);
insert into staff (id, name, institute_id, birthdate, post_id, salary, Current_staff) values (18, 'Amalita Burnell', 15, '1962-06-10', 1, 486, true);
insert into staff (id, name, institute_id, birthdate, post_id, salary, Current_staff) values (19, 'Bonni Ocheltree', 14, '1991-12-07', 6, 464, true);
insert into staff (id, name, institute_id, birthdate, post_id, salary, Current_staff) values (20, 'Tabbie Rowthorn', 14, '1988-03-30', 6, 247, false);
insert into staff (id, name, institute_id, birthdate, post_id, salary, Current_staff) values (21, 'Licha Dilawey', 14, '1978-01-26', 4, 456, true);
insert into staff (id, name, institute_id, birthdate, post_id, salary, Current_staff) values (22, 'Dalenna Hallgate', 13, '1993-10-25', 6, 389, false);
insert into staff (id, name, institute_id, birthdate, post_id, salary, Current_staff) values (23, 'Lilian Shutte', 10, '1995-01-21', 6, 758, true);
insert into staff (id, name, institute_id, birthdate, post_id, salary, Current_staff) values (24, 'Hunt Handscombe', 9, '2001-12-19', 5, 740, true);
insert into staff (id, name, institute_id, birthdate, post_id, salary, Current_staff) values (25, 'Carlynne Tunuy', 9, '1984-04-02', 1, 799, false);
insert into staff (id, name, institute_id, birthdate, post_id, salary, Current_staff) values (26, 'Bernadine Gedge', 14, '2002-05-31', 1, 977, false);
insert into staff (id, name, institute_id, birthdate, post_id, salary, Current_staff) values (27, 'Dennet Callar', 8, '1970-04-22', 3, 344, false);
insert into staff (id, name, institute_id, birthdate, post_id, salary, Current_staff) values (28, 'Veda Pochin', 2, '1983-10-17', 5, 967, false);
insert into staff (id, name, institute_id, birthdate, post_id, salary, Current_staff) values (29, 'Moira McWilliam', 11, '2000-01-06', 3, 604, false);
insert into staff (id, name, institute_id, birthdate, post_id, salary, Current_staff) values (30, 'Malinda Twinborne', 11, '1986-10-07', 5, 103, false);
insert into staff (id, name, institute_id, birthdate, post_id, salary, Current_staff) values (31, 'Frederich Pedycan', 13, '1994-05-13', 4, 960, false);
insert into staff (id, name, institute_id, birthdate, post_id, salary, Current_staff) values (32, 'Nicki Dunnan', 5, '1984-08-17', 4, 187, true);
insert into staff (id, name, institute_id, birthdate, post_id, salary, Current_staff) values (33, 'Carola Maywood', 8, '1973-04-01', 6, 215, false);
insert into staff (id, name, institute_id, birthdate, post_id, salary, Current_staff) values (34, 'Rebeca Ellery', 7, '2000-12-13', 5, 151, false);
insert into staff (id, name, institute_id, birthdate, post_id, salary, Current_staff) values (35, 'Amalee Gething', 5, '1983-12-18', 3, 872, false);
insert into staff (id, name, institute_id, birthdate, post_id, salary, Current_staff) values (36, 'Papageno Verdy', 15, '1967-02-22', 5, 949, false);
insert into staff (id, name, institute_id, birthdate, post_id, salary, Current_staff) values (37, 'Brett Musico', 5, '1982-07-08', 6, 335, false);
insert into staff (id, name, institute_id, birthdate, post_id, salary, Current_staff) values (38, 'Andrea Cheesley', 1, '1968-10-09', 1, 469, false);
insert into staff (id, name, institute_id, birthdate, post_id, salary, Current_staff) values (39, 'Em Cordie', 2, '1984-08-21', 4, 327, false);
insert into staff (id, name, institute_id, birthdate, post_id, salary, Current_staff) values (40, 'Ailina McKea', 12, '2001-01-11', 2, 730, false);
insert into staff (id, name, institute_id, birthdate, post_id, salary, Current_staff) values (41, 'Der Gaw', 6, '1961-05-02', 6, 154, false);
insert into staff (id, name, institute_id, birthdate, post_id, salary, Current_staff) values (42, 'Cece Fergyson', 12, '1960-12-11', 2, 195, false);
insert into staff (id, name, institute_id, birthdate, post_id, salary, Current_staff) values (43, 'Alyda Fucher', 15, '1983-03-20', 5, 597, true);
insert into staff (id, name, institute_id, birthdate, post_id, salary, Current_staff) values (44, 'Brod Lufkin', 6, '1963-02-14', 6, 967, true);
insert into staff (id, name, institute_id, birthdate, post_id, salary, Current_staff) values (45, 'Janetta Patemore', 10, '1965-04-03', 6, 920, false);
insert into staff (id, name, institute_id, birthdate, post_id, salary, Current_staff) values (46, 'Nike Bittleson', 9, '1994-07-31', 4, 822, false);
insert into staff (id, name, institute_id, birthdate, post_id, salary, Current_staff) values (47, 'Aloise Bloxsom', 2, '1968-03-21', 3, 850, false);
insert into staff (id, name, institute_id, birthdate, post_id, salary, Current_staff) values (48, 'Jacquette Ebbers', 13, '1963-11-07', 2, 233, true);
insert into staff (id, name, institute_id, birthdate, post_id, salary, Current_staff) values (49, 'Laraine Mechi', 8, '1997-06-23', 5, 573, true);
insert into staff (id, name, institute_id, birthdate, post_id, salary, Current_staff) values (50, 'Leilah Kenworth', 14, '2003-03-11', 6, 162, false);
insert into staff (id, name, institute_id, birthdate, post_id, salary, Current_staff) values (51, 'Gare Gahan', 2, '2003-02-25', 3, 382, true);
insert into staff (id, name, institute_id, birthdate, post_id, salary, Current_staff) values (52, 'Cherise Coalbran', 9, '2000-08-16', 5, 900, false);
insert into staff (id, name, institute_id, birthdate, post_id, salary, Current_staff) values (53, 'Stanfield Siggery', 13, '1978-11-07', 5, 667, false);
insert into staff (id, name, institute_id, birthdate, post_id, salary, Current_staff) values (54, 'Marj Attreed', 3, '1971-10-03', 3, 246, true);
insert into staff (id, name, institute_id, birthdate, post_id, salary, Current_staff) values (55, 'Ola Kail', 8, '1990-01-16', 2, 829, false);
insert into staff (id, name, institute_id, birthdate, post_id, salary, Current_staff) values (56, 'Wye Sutehall', 13, '1986-06-20', 1, 151, false);
insert into staff (id, name, institute_id, birthdate, post_id, salary, Current_staff) values (57, 'Bondie Cuckoo', 12, '1981-10-02', 6, 105, true);
insert into staff (id, name, institute_id, birthdate, post_id, salary, Current_staff) values (58, 'Anton Hazley', 1, '1964-01-13', 5, 161, true);
insert into staff (id, name, institute_id, birthdate, post_id, salary, Current_staff) values (59, 'Judon Gianelli', 2, '1982-02-27', 1, 347, false);
insert into staff (id, name, institute_id, birthdate, post_id, salary, Current_staff) values (60, 'Zeke Kyngdon', 12, '1972-08-29', 4, 272, true);
insert into staff (id, name, institute_id, birthdate, post_id, salary, Current_staff) values (61, 'Claude Carmont', 2, '1976-01-28', 3, 951, true);
insert into staff (id, name, institute_id, birthdate, post_id, salary, Current_staff) values (62, 'Loydie Matkin', 15, '1987-07-05', 6, 631, true);
insert into staff (id, name, institute_id, birthdate, post_id, salary, Current_staff) values (63, 'Odelinda Game', 5, '1996-09-04', 3, 792, false);
insert into staff (id, name, institute_id, birthdate, post_id, salary, Current_staff) values (64, 'Ingelbert Jekel', 10, '1993-09-11', 2, 384, true);
insert into staff (id, name, institute_id, birthdate, post_id, salary, Current_staff) values (65, 'Nerti Meriton', 5, '1968-03-26', 2, 945, false);
insert into staff (id, name, institute_id, birthdate, post_id, salary, Current_staff) values (66, 'Aurelia Landis', 3, '1971-12-27', 5, 896, false);
insert into staff (id, name, institute_id, birthdate, post_id, salary, Current_staff) values (67, 'Jemie Farrant', 10, '1983-07-30', 4, 138, false);
insert into staff (id, name, institute_id, birthdate, post_id, salary, Current_staff) values (68, 'Sande Matis', 13, '1966-01-24', 1, 434, true);
insert into staff (id, name, institute_id, birthdate, post_id, salary, Current_staff) values (69, 'Marlo Simko', 1, '1974-01-06', 6, 187, false);
insert into staff (id, name, institute_id, birthdate, post_id, salary, Current_staff) values (70, 'Madison Casford', 11, '1995-03-16', 1, 287, false);
insert into staff (id, name, institute_id, birthdate, post_id, salary, Current_staff) values (71, 'Clotilda Foat', 9, '1980-12-23', 5, 426, false);
insert into staff (id, name, institute_id, birthdate, post_id, salary, Current_staff) values (72, 'Bobbie Cockcroft', 13, '1987-09-17', 1, 860, false);
insert into staff (id, name, institute_id, birthdate, post_id, salary, Current_staff) values (73, 'Sile Fairhead', 14, '1962-07-31', 3, 698, false);
insert into staff (id, name, institute_id, birthdate, post_id, salary, Current_staff) values (74, 'Felipa Ellick', 6, '1983-09-07', 4, 909, true);
insert into staff (id, name, institute_id, birthdate, post_id, salary, Current_staff) values (75, 'Nicholle Leynagh', 1, '1979-11-14', 3, 669, false);
insert into staff (id, name, institute_id, birthdate, post_id, salary, Current_staff) values (76, 'Sophronia Schrieves', 5, '1967-10-14', 2, 790, false);
insert into staff (id, name, institute_id, birthdate, post_id, salary, Current_staff) values (77, 'Nikkie Teager', 1, '1971-05-13', 2, 104, false);
insert into staff (id, name, institute_id, birthdate, post_id, salary, Current_staff) values (78, 'Devina O''Hern', 14, '1981-01-19', 1, 757, false);
insert into staff (id, name, institute_id, birthdate, post_id, salary, Current_staff) values (79, 'Walton Simmell', 5, '1987-02-17', 1, 423, true);
insert into staff (id, name, institute_id, birthdate, post_id, salary, Current_staff) values (80, 'Cordy Blundon', 11, '2001-09-13', 1, 583, true);
insert into staff (id, name, institute_id, birthdate, post_id, salary, Current_staff) values (81, 'Casandra Stanislaw', 3, '2002-06-26', 1, 104, true);
insert into staff (id, name, institute_id, birthdate, post_id, salary, Current_staff) values (82, 'Thibaut Venable', 13, '1985-04-07', 2, 142, false);
insert into staff (id, name, institute_id, birthdate, post_id, salary, Current_staff) values (83, 'Pip Ramey', 7, '1964-01-23', 6, 857, true);
insert into staff (id, name, institute_id, birthdate, post_id, salary, Current_staff) values (84, 'Conrado Innett', 1, '1984-04-08', 3, 643, true);
insert into staff (id, name, institute_id, birthdate, post_id, salary, Current_staff) values (85, 'Lorene Hollerin', 7, '1971-06-03', 2, 861, true);
insert into staff (id, name, institute_id, birthdate, post_id, salary, Current_staff) values (86, 'Aland Tomaszek', 15, '1968-04-15', 5, 441, true);
insert into staff (id, name, institute_id, birthdate, post_id, salary, Current_staff) values (87, 'Gabey Leeming', 3, '1965-05-18', 6, 402, true);
insert into staff (id, name, institute_id, birthdate, post_id, salary, Current_staff) values (88, 'Reider Esbrook', 12, '1996-10-28', 3, 240, true);
insert into staff (id, name, institute_id, birthdate, post_id, salary, Current_staff) values (89, 'Sheffy Gypps', 5, '1972-09-09', 3, 154, false);
insert into staff (id, name, institute_id, birthdate, post_id, salary, Current_staff) values (90, 'Rebeka Jeff', 14, '1997-07-08', 4, 320, false);
insert into staff (id, name, institute_id, birthdate, post_id, salary, Current_staff) values (91, 'Rozalie Giacobazzi', 3, '1996-03-02', 5, 463, false);
insert into staff (id, name, institute_id, birthdate, post_id, salary, Current_staff) values (92, 'Jodie Petersen', 5, '1987-06-11', 1, 753, false);
insert into staff (id, name, institute_id, birthdate, post_id, salary, Current_staff) values (93, 'Eirena Elph', 2, '1977-03-19', 1, 621, true);
insert into staff (id, name, institute_id, birthdate, post_id, salary, Current_staff) values (94, 'Alejoa Blucher', 7, '1972-12-02', 5, 628, true);
insert into staff (id, name, institute_id, birthdate, post_id, salary, Current_staff) values (95, 'Felipa Jonsson', 5, '1987-12-07', 5, 864, false);
insert into staff (id, name, institute_id, birthdate, post_id, salary, Current_staff) values (96, 'Marcello Coomes', 12, '1989-06-19', 2, 296, false);
insert into staff (id, name, institute_id, birthdate, post_id, salary, Current_staff) values (97, 'Tracie Quiney', 14, '1979-10-03', 2, 710, false);
insert into staff (id, name, institute_id, birthdate, post_id, salary, Current_staff) values (98, 'Ossie Parke', 6, '1965-06-19', 4, 759, true);
insert into staff (id, name, institute_id, birthdate, post_id, salary, Current_staff) values (99, 'Emmey McGuiness', 14, '1999-07-28', 5, 183, false);
insert into staff (id, name, institute_id, birthdate, post_id, salary, Current_staff) values (100, 'Manon Dunley', 13, '1995-06-03', 4, 882, true);
insert into staff (id, name, institute_id, birthdate, post_id, salary, Current_staff) values (101, 'Seumas Mathivon', 12, '1986-02-25', 1, 282, false);
insert into staff (id, name, institute_id, birthdate, post_id, salary, Current_staff) values (102, 'Connie Duquesnay', 12, '1973-10-02', 3, 833, true);
insert into staff (id, name, institute_id, birthdate, post_id, salary, Current_staff) values (103, 'Chanda Valentinetti', 1, '1999-02-05', 4, 878, true);
insert into staff (id, name, institute_id, birthdate, post_id, salary, Current_staff) values (104, 'Herminia Halbord', 3, '1995-08-22', 3, 373, true);
insert into staff (id, name, institute_id, birthdate, post_id, salary, Current_staff) values (105, 'Harli Tointon', 12, '1975-06-18', 4, 954, false);
insert into staff (id, name, institute_id, birthdate, post_id, salary, Current_staff) values (106, 'Druci Verbrugghen', 10, '1994-07-16', 4, 133, false);
insert into staff (id, name, institute_id, birthdate, post_id, salary, Current_staff) values (107, 'Bevvy Hargreave', 9, '1986-07-05', 5, 655, false);
insert into staff (id, name, institute_id, birthdate, post_id, salary, Current_staff) values (108, 'Allyce Cardenoza', 14, '1987-03-30', 1, 928, true);
insert into staff (id, name, institute_id, birthdate, post_id, salary, Current_staff) values (109, 'Tommie Inglesent', 11, '1979-08-23', 2, 121, false);
insert into staff (id, name, institute_id, birthdate, post_id, salary, Current_staff) values (110, 'Adore Vasyagin', 5, '1967-02-02', 3, 429, true);
insert into staff (id, name, institute_id, birthdate, post_id, salary, Current_staff) values (111, 'Verile Stodart', 15, '1990-02-20', 1, 819, false);
insert into staff (id, name, institute_id, birthdate, post_id, salary, Current_staff) values (112, 'Jeri Scones', 2, '1974-08-12', 5, 784, false);
insert into staff (id, name, institute_id, birthdate, post_id, salary, Current_staff) values (113, 'Josi Gaudin', 1, '1960-08-06', 1, 380, false);
insert into staff (id, name, institute_id, birthdate, post_id, salary, Current_staff) values (114, 'Sybyl Dalby', 2, '1974-08-14', 2, 344, true);
insert into staff (id, name, institute_id, birthdate, post_id, salary, Current_staff) values (115, 'Nickie Chedgey', 1, '1969-03-12', 3, 956, false);
insert into staff (id, name, institute_id, birthdate, post_id, salary, Current_staff) values (116, 'Kylila Joutapavicius', 6, '1989-12-01', 6, 959, true);
insert into staff (id, name, institute_id, birthdate, post_id, salary, Current_staff) values (117, 'Trista Larmour', 4, '1969-12-15', 2, 670, true);
insert into staff (id, name, institute_id, birthdate, post_id, salary, Current_staff) values (118, 'Lidia Delleschi', 1, '1986-04-28', 3, 758, true);
insert into staff (id, name, institute_id, birthdate, post_id, salary, Current_staff) values (119, 'Sibley Grave', 8, '1989-12-23', 3, 586, false);
insert into staff (id, name, institute_id, birthdate, post_id, salary, Current_staff) values (120, 'Reta Winterbottom', 3, '1960-07-20', 2, 820, false);
insert into staff (id, name, institute_id, birthdate, post_id, salary, Current_staff) values (121, 'Rana Matiashvili', 3, '1980-02-10', 6, 382, true);
insert into staff (id, name, institute_id, birthdate, post_id, salary, Current_staff) values (122, 'Jackson Bousfield', 2, '1988-02-10', 4, 486, false);
insert into staff (id, name, institute_id, birthdate, post_id, salary, Current_staff) values (123, 'Ginelle Cosgreave', 1, '1973-01-25', 6, 497, false);
insert into staff (id, name, institute_id, birthdate, post_id, salary, Current_staff) values (124, 'Hilde Perry', 12, '1963-06-01', 6, 364, true);
insert into staff (id, name, institute_id, birthdate, post_id, salary, Current_staff) values (125, 'Finn Kovnot', 11, '1975-09-09', 3, 682, false);
insert into staff (id, name, institute_id, birthdate, post_id, salary, Current_staff) values (126, 'Fanechka Hassett', 1, '2001-08-06', 5, 967, true);
insert into staff (id, name, institute_id, birthdate, post_id, salary, Current_staff) values (127, 'Netty Vowdon', 15, '1990-12-21', 5, 784, false);
insert into staff (id, name, institute_id, birthdate, post_id, salary, Current_staff) values (128, 'Doralin Moret', 6, '1974-09-22', 2, 460, true);
insert into staff (id, name, institute_id, birthdate, post_id, salary, Current_staff) values (129, 'Auria Halm', 11, '1990-08-02', 3, 373, true);
insert into staff (id, name, institute_id, birthdate, post_id, salary, Current_staff) values (130, 'Florence Byron', 10, '1982-05-30', 3, 127, false);
insert into staff (id, name, institute_id, birthdate, post_id, salary, Current_staff) values (131, 'Marice Egell', 11, '1976-06-17', 2, 998, true);
insert into staff (id, name, institute_id, birthdate, post_id, salary, Current_staff) values (132, 'Tiertza Saby', 2, '1964-07-14', 5, 469, false);
insert into staff (id, name, institute_id, birthdate, post_id, salary, Current_staff) values (133, 'Shelia Cranshaw', 15, '1983-02-16', 5, 723, true);
insert into staff (id, name, institute_id, birthdate, post_id, salary, Current_staff) values (134, 'Maddalena Runnacles', 15, '1971-07-09', 2, 609, false);
insert into staff (id, name, institute_id, birthdate, post_id, salary, Current_staff) values (135, 'Barbara Betjeman', 10, '1980-03-13', 4, 255, false);
insert into staff (id, name, institute_id, birthdate, post_id, salary, Current_staff) values (136, 'Sander McKeaney', 12, '1999-04-17', 2, 728, false);
insert into staff (id, name, institute_id, birthdate, post_id, salary, Current_staff) values (137, 'Regina Galiero', 12, '1967-11-26', 1, 784, false);
insert into staff (id, name, institute_id, birthdate, post_id, salary, Current_staff) values (138, 'Birk Alven', 4, '1985-07-21', 5, 870, false);
insert into staff (id, name, institute_id, birthdate, post_id, salary, Current_staff) values (139, 'Robbi Hussell', 13, '1967-05-19', 6, 736, true);
insert into staff (id, name, institute_id, birthdate, post_id, salary, Current_staff) values (140, 'Helaine Coward', 7, '1977-12-04', 4, 974, false);
insert into staff (id, name, institute_id, birthdate, post_id, salary, Current_staff) values (141, 'Florri Dreinan', 3, '1992-04-24', 4, 458, false);
insert into staff (id, name, institute_id, birthdate, post_id, salary, Current_staff) values (142, 'Jayme Sutterfield', 2, '1975-10-10', 2, 305, true);
insert into staff (id, name, institute_id, birthdate, post_id, salary, Current_staff) values (143, 'Marlie Wicklin', 8, '1980-02-02', 1, 113, false);
insert into staff (id, name, institute_id, birthdate, post_id, salary, Current_staff) values (144, 'Vanessa Pybus', 4, '1994-05-07', 2, 183, false);
insert into staff (id, name, institute_id, birthdate, post_id, salary, Current_staff) values (145, 'Binni Healeas', 2, '1994-01-01', 3, 841, false);
insert into staff (id, name, institute_id, birthdate, post_id, salary, Current_staff) values (146, 'Leila Landor', 2, '1961-11-10', 3, 436, false);
insert into staff (id, name, institute_id, birthdate, post_id, salary, Current_staff) values (147, 'Alma Stenners', 2, '1981-02-07', 6, 646, true);
insert into staff (id, name, institute_id, birthdate, post_id, salary, Current_staff) values (148, 'Patti Bisp', 15, '1998-12-15', 6, 719, true);
insert into staff (id, name, institute_id, birthdate, post_id, salary, Current_staff) values (149, 'Debbie Allain', 6, '1972-04-08', 2, 182, false);
insert into staff (id, name, institute_id, birthdate, post_id, salary, Current_staff) values (150, 'Floris Grzeszczyk', 4, '1983-01-24', 6, 758, false);

insert into staff_research_activity (research_activity_id, staff_id) values (97, 27);
insert into staff_research_activity (research_activity_id, staff_id) values (106, 89);
insert into staff_research_activity (research_activity_id, staff_id) values (84, 81);
insert into staff_research_activity (research_activity_id, staff_id) values (97, 43);
insert into staff_research_activity (research_activity_id, staff_id) values (14, 101);
insert into staff_research_activity (research_activity_id, staff_id) values (141, 81);
insert into staff_research_activity (research_activity_id, staff_id) values (111, 98);
insert into staff_research_activity (research_activity_id, staff_id) values (45, 26);
insert into staff_research_activity (research_activity_id, staff_id) values (141, 136);
insert into staff_research_activity (research_activity_id, staff_id) values (109, 116);
insert into staff_research_activity (research_activity_id, staff_id) values (95, 6);
insert into staff_research_activity (research_activity_id, staff_id) values (33, 113);
insert into staff_research_activity (research_activity_id, staff_id) values (116, 54);
insert into staff_research_activity (research_activity_id, staff_id) values (137, 127);
insert into staff_research_activity (research_activity_id, staff_id) values (86, 128);
insert into staff_research_activity (research_activity_id, staff_id) values (26, 45);
insert into staff_research_activity (research_activity_id, staff_id) values (83, 28);
insert into staff_research_activity (research_activity_id, staff_id) values (115, 123);
insert into staff_research_activity (research_activity_id, staff_id) values (23, 117);
insert into staff_research_activity (research_activity_id, staff_id) values (89, 93);
insert into staff_research_activity (research_activity_id, staff_id) values (87, 44);
insert into staff_research_activity (research_activity_id, staff_id) values (83, 24);
insert into staff_research_activity (research_activity_id, staff_id) values (8, 94);
insert into staff_research_activity (research_activity_id, staff_id) values (8, 92);
insert into staff_research_activity (research_activity_id, staff_id) values (43, 29);
insert into staff_research_activity (research_activity_id, staff_id) values (99, 54);
insert into staff_research_activity (research_activity_id, staff_id) values (73, 77);
insert into staff_research_activity (research_activity_id, staff_id) values (98, 100);
insert into staff_research_activity (research_activity_id, staff_id) values (119, 100);
insert into staff_research_activity (research_activity_id, staff_id) values (27, 124);
insert into staff_research_activity (research_activity_id, staff_id) values (76, 10);
insert into staff_research_activity (research_activity_id, staff_id) values (130, 3);
insert into staff_research_activity (research_activity_id, staff_id) values (110, 62);
insert into staff_research_activity (research_activity_id, staff_id) values (7, 46);
insert into staff_research_activity (research_activity_id, staff_id) values (138, 86);
insert into staff_research_activity (research_activity_id, staff_id) values (39, 109);
insert into staff_research_activity (research_activity_id, staff_id) values (131, 121);
insert into staff_research_activity (research_activity_id, staff_id) values (79, 25);
insert into staff_research_activity (research_activity_id, staff_id) values (77, 1);
insert into staff_research_activity (research_activity_id, staff_id) values (26, 86);
insert into staff_research_activity (research_activity_id, staff_id) values (93, 150);
insert into staff_research_activity (research_activity_id, staff_id) values (30, 17);
insert into staff_research_activity (research_activity_id, staff_id) values (1, 129);
insert into staff_research_activity (research_activity_id, staff_id) values (12, 97);
insert into staff_research_activity (research_activity_id, staff_id) values (66, 67);
insert into staff_research_activity (research_activity_id, staff_id) values (45, 93);
insert into staff_research_activity (research_activity_id, staff_id) values (75, 1);
insert into staff_research_activity (research_activity_id, staff_id) values (11, 15);
insert into staff_research_activity (research_activity_id, staff_id) values (94, 107);
insert into staff_research_activity (research_activity_id, staff_id) values (12, 36);
insert into staff_research_activity (research_activity_id, staff_id) values (124, 40);
insert into staff_research_activity (research_activity_id, staff_id) values (23, 4);
insert into staff_research_activity (research_activity_id, staff_id) values (53, 7);
insert into staff_research_activity (research_activity_id, staff_id) values (140, 122);
insert into staff_research_activity (research_activity_id, staff_id) values (85, 113);
insert into staff_research_activity (research_activity_id, staff_id) values (62, 46);
insert into staff_research_activity (research_activity_id, staff_id) values (112, 111);
insert into staff_research_activity (research_activity_id, staff_id) values (113, 17);
insert into staff_research_activity (research_activity_id, staff_id) values (57, 120);
insert into staff_research_activity (research_activity_id, staff_id) values (96, 37);
insert into staff_research_activity (research_activity_id, staff_id) values (42, 55);
insert into staff_research_activity (research_activity_id, staff_id) values (72, 137);
insert into staff_research_activity (research_activity_id, staff_id) values (31, 63);
insert into staff_research_activity (research_activity_id, staff_id) values (132, 113);
insert into staff_research_activity (research_activity_id, staff_id) values (131, 81);
insert into staff_research_activity (research_activity_id, staff_id) values (129, 72);
insert into staff_research_activity (research_activity_id, staff_id) values (29, 102);
insert into staff_research_activity (research_activity_id, staff_id) values (50, 8);
insert into staff_research_activity (research_activity_id, staff_id) values (59, 35);
insert into staff_research_activity (research_activity_id, staff_id) values (144, 140);
insert into staff_research_activity (research_activity_id, staff_id) values (1, 4);
insert into staff_research_activity (research_activity_id, staff_id) values (113, 144);
insert into staff_research_activity (research_activity_id, staff_id) values (122, 128);
insert into staff_research_activity (research_activity_id, staff_id) values (7, 21);
insert into staff_research_activity (research_activity_id, staff_id) values (143, 88);
insert into staff_research_activity (research_activity_id, staff_id) values (6, 47);
insert into staff_research_activity (research_activity_id, staff_id) values (4, 123);
insert into staff_research_activity (research_activity_id, staff_id) values (41, 104);
insert into staff_research_activity (research_activity_id, staff_id) values (38, 150);
insert into staff_research_activity (research_activity_id, staff_id) values (128, 67);
insert into staff_research_activity (research_activity_id, staff_id) values (9, 11);
insert into staff_research_activity (research_activity_id, staff_id) values (100, 113);
insert into staff_research_activity (research_activity_id, staff_id) values (136, 72);
insert into staff_research_activity (research_activity_id, staff_id) values (128, 117);
insert into staff_research_activity (research_activity_id, staff_id) values (95, 84);
insert into staff_research_activity (research_activity_id, staff_id) values (136, 147);
insert into staff_research_activity (research_activity_id, staff_id) values (13, 11);
insert into staff_research_activity (research_activity_id, staff_id) values (113, 120);
insert into staff_research_activity (research_activity_id, staff_id) values (50, 77);
insert into staff_research_activity (research_activity_id, staff_id) values (60, 104);
insert into staff_research_activity (research_activity_id, staff_id) values (39, 21);
insert into staff_research_activity (research_activity_id, staff_id) values (64, 102);
insert into staff_research_activity (research_activity_id, staff_id) values (104, 38);
insert into staff_research_activity (research_activity_id, staff_id) values (15, 146);
insert into staff_research_activity (research_activity_id, staff_id) values (118, 75);
insert into staff_research_activity (research_activity_id, staff_id) values (130, 42);
insert into staff_research_activity (research_activity_id, staff_id) values (59, 2);
insert into staff_research_activity (research_activity_id, staff_id) values (137, 139);
insert into staff_research_activity (research_activity_id, staff_id) values (44, 65);
insert into staff_research_activity (research_activity_id, staff_id) values (130, 63);
insert into staff_research_activity (research_activity_id, staff_id) values (54, 127);
insert into staff_research_activity (research_activity_id, staff_id) values (41, 11);
insert into staff_research_activity (research_activity_id, staff_id) values (23, 70);
insert into staff_research_activity (research_activity_id, staff_id) values (86, 3);
insert into staff_research_activity (research_activity_id, staff_id) values (136, 128);
insert into staff_research_activity (research_activity_id, staff_id) values (22, 84);
insert into staff_research_activity (research_activity_id, staff_id) values (84, 1);
insert into staff_research_activity (research_activity_id, staff_id) values (81, 129);
insert into staff_research_activity (research_activity_id, staff_id) values (139, 26);
insert into staff_research_activity (research_activity_id, staff_id) values (106, 141);
insert into staff_research_activity (research_activity_id, staff_id) values (126, 10);
insert into staff_research_activity (research_activity_id, staff_id) values (144, 111);
insert into staff_research_activity (research_activity_id, staff_id) values (123, 61);
insert into staff_research_activity (research_activity_id, staff_id) values (101, 134);
insert into staff_research_activity (research_activity_id, staff_id) values (88, 131);
insert into staff_research_activity (research_activity_id, staff_id) values (9, 42);
insert into staff_research_activity (research_activity_id, staff_id) values (112, 139);
insert into staff_research_activity (research_activity_id, staff_id) values (123, 73);
insert into staff_research_activity (research_activity_id, staff_id) values (107, 129);
insert into staff_research_activity (research_activity_id, staff_id) values (51, 121);
insert into staff_research_activity (research_activity_id, staff_id) values (99, 52);
insert into staff_research_activity (research_activity_id, staff_id) values (72, 61);
insert into staff_research_activity (research_activity_id, staff_id) values (92, 149);
insert into staff_research_activity (research_activity_id, staff_id) values (28, 141);
insert into staff_research_activity (research_activity_id, staff_id) values (116, 1);
insert into staff_research_activity (research_activity_id, staff_id) values (9, 62);
insert into staff_research_activity (research_activity_id, staff_id) values (21, 55);
insert into staff_research_activity (research_activity_id, staff_id) values (114, 111);
insert into staff_research_activity (research_activity_id, staff_id) values (66, 120);
insert into staff_research_activity (research_activity_id, staff_id) values (96, 62);
insert into staff_research_activity (research_activity_id, staff_id) values (95, 72);
insert into staff_research_activity (research_activity_id, staff_id) values (125, 68);
insert into staff_research_activity (research_activity_id, staff_id) values (139, 61);
insert into staff_research_activity (research_activity_id, staff_id) values (109, 121);
insert into staff_research_activity (research_activity_id, staff_id) values (13, 146);
insert into staff_research_activity (research_activity_id, staff_id) values (70, 100);
insert into staff_research_activity (research_activity_id, staff_id) values (70, 137);
insert into staff_research_activity (research_activity_id, staff_id) values (123, 64);
insert into staff_research_activity (research_activity_id, staff_id) values (18, 90);
insert into staff_research_activity (research_activity_id, staff_id) values (40, 94);
insert into staff_research_activity (research_activity_id, staff_id) values (77, 98);
insert into staff_research_activity (research_activity_id, staff_id) values (116, 22);
insert into staff_research_activity (research_activity_id, staff_id) values (150, 94);
insert into staff_research_activity (research_activity_id, staff_id) values (14, 79);
insert into staff_research_activity (research_activity_id, staff_id) values (54, 146);
insert into staff_research_activity (research_activity_id, staff_id) values (15, 69);
insert into staff_research_activity (research_activity_id, staff_id) values (130, 87);
insert into staff_research_activity (research_activity_id, staff_id) values (135, 26);
insert into staff_research_activity (research_activity_id, staff_id) values (78, 65);
insert into staff_research_activity (research_activity_id, staff_id) values (114, 105);
insert into staff_research_activity (research_activity_id, staff_id) values (26, 119);
insert into staff_research_activity (research_activity_id, staff_id) values (21, 59);
insert into staff_research_activity (research_activity_id, staff_id) values (131, 30);
insert into staff_research_activity (research_activity_id, staff_id) values (81, 8);
insert into staff_research_activity (research_activity_id, staff_id) values (60, 99);
insert into staff_research_activity (research_activity_id, staff_id) values (48, 5);
insert into staff_research_activity (research_activity_id, staff_id) values (62, 150);
insert into staff_research_activity (research_activity_id, staff_id) values (74, 105);
insert into staff_research_activity (research_activity_id, staff_id) values (87, 105);
insert into staff_research_activity (research_activity_id, staff_id) values (111, 142);
insert into staff_research_activity (research_activity_id, staff_id) values (122, 18);
insert into staff_research_activity (research_activity_id, staff_id) values (70, 143);
insert into staff_research_activity (research_activity_id, staff_id) values (29, 111);
insert into staff_research_activity (research_activity_id, staff_id) values (116, 46);
insert into staff_research_activity (research_activity_id, staff_id) values (57, 106);
insert into staff_research_activity (research_activity_id, staff_id) values (116, 85);
insert into staff_research_activity (research_activity_id, staff_id) values (43, 110);
insert into staff_research_activity (research_activity_id, staff_id) values (136, 80);
insert into staff_research_activity (research_activity_id, staff_id) values (103, 114);
insert into staff_research_activity (research_activity_id, staff_id) values (75, 8);
insert into staff_research_activity (research_activity_id, staff_id) values (15, 17);
insert into staff_research_activity (research_activity_id, staff_id) values (69, 33);
insert into staff_research_activity (research_activity_id, staff_id) values (58, 54);
insert into staff_research_activity (research_activity_id, staff_id) values (57, 99);
insert into staff_research_activity (research_activity_id, staff_id) values (87, 27);
insert into staff_research_activity (research_activity_id, staff_id) values (103, 75);
insert into staff_research_activity (research_activity_id, staff_id) values (63, 15);
insert into staff_research_activity (research_activity_id, staff_id) values (18, 15);
insert into staff_research_activity (research_activity_id, staff_id) values (85, 62);
insert into staff_research_activity (research_activity_id, staff_id) values (59, 110);
insert into staff_research_activity (research_activity_id, staff_id) values (116, 143);
insert into staff_research_activity (research_activity_id, staff_id) values (49, 120);
insert into staff_research_activity (research_activity_id, staff_id) values (64, 45);
insert into staff_research_activity (research_activity_id, staff_id) values (5, 30);
insert into staff_research_activity (research_activity_id, staff_id) values (57, 119);
insert into staff_research_activity (research_activity_id, staff_id) values (142, 131);
insert into staff_research_activity (research_activity_id, staff_id) values (79, 146);
insert into staff_research_activity (research_activity_id, staff_id) values (92, 119);
insert into staff_research_activity (research_activity_id, staff_id) values (142, 46);
insert into staff_research_activity (research_activity_id, staff_id) values (36, 14);
insert into staff_research_activity (research_activity_id, staff_id) values (48, 44);
insert into staff_research_activity (research_activity_id, staff_id) values (24, 121);
insert into staff_research_activity (research_activity_id, staff_id) values (94, 147);
insert into staff_research_activity (research_activity_id, staff_id) values (99, 49);
insert into staff_research_activity (research_activity_id, staff_id) values (34, 73);
insert into staff_research_activity (research_activity_id, staff_id) values (95, 100);
insert into staff_research_activity (research_activity_id, staff_id) values (134, 42);
insert into staff_research_activity (research_activity_id, staff_id) values (102, 142);
insert into staff_research_activity (research_activity_id, staff_id) values (17, 86);
insert into staff_research_activity (research_activity_id, staff_id) values (44, 142);
insert into staff_research_activity (research_activity_id, staff_id) values (112, 133);
insert into staff_research_activity (research_activity_id, staff_id) values (7, 35);
insert into staff_research_activity (research_activity_id, staff_id) values (100, 22);
insert into staff_research_activity (research_activity_id, staff_id) values (90, 83);
insert into staff_research_activity (research_activity_id, staff_id) values (3, 118);
insert into staff_research_activity (research_activity_id, staff_id) values (78, 147);
insert into staff_research_activity (research_activity_id, staff_id) values (142, 17);
insert into staff_research_activity (research_activity_id, staff_id) values (100, 13);
insert into staff_research_activity (research_activity_id, staff_id) values (115, 99);
insert into staff_research_activity (research_activity_id, staff_id) values (51, 42);
insert into staff_research_activity (research_activity_id, staff_id) values (95, 20);
insert into staff_research_activity (research_activity_id, staff_id) values (28, 76);
insert into staff_research_activity (research_activity_id, staff_id) values (60, 48);
insert into staff_research_activity (research_activity_id, staff_id) values (30, 83);
insert into staff_research_activity (research_activity_id, staff_id) values (52, 42);
insert into staff_research_activity (research_activity_id, staff_id) values (113, 117);
insert into staff_research_activity (research_activity_id, staff_id) values (45, 144);
insert into staff_research_activity (research_activity_id, staff_id) values (134, 110);
insert into staff_research_activity (research_activity_id, staff_id) values (3, 19);
insert into staff_research_activity (research_activity_id, staff_id) values (144, 147);
insert into staff_research_activity (research_activity_id, staff_id) values (44, 147);
insert into staff_research_activity (research_activity_id, staff_id) values (13, 81);
insert into staff_research_activity (research_activity_id, staff_id) values (5, 28);
insert into staff_research_activity (research_activity_id, staff_id) values (16, 35);
insert into staff_research_activity (research_activity_id, staff_id) values (72, 25);
insert into staff_research_activity (research_activity_id, staff_id) values (26, 63);
insert into staff_research_activity (research_activity_id, staff_id) values (128, 54);
insert into staff_research_activity (research_activity_id, staff_id) values (36, 28);
insert into staff_research_activity (research_activity_id, staff_id) values (70, 14);
insert into staff_research_activity (research_activity_id, staff_id) values (92, 118);
insert into staff_research_activity (research_activity_id, staff_id) values (92, 112);
insert into staff_research_activity (research_activity_id, staff_id) values (84, 125);
insert into staff_research_activity (research_activity_id, staff_id) values (129, 69);
insert into staff_research_activity (research_activity_id, staff_id) values (129, 40);
insert into staff_research_activity (research_activity_id, staff_id) values (5, 47);
insert into staff_research_activity (research_activity_id, staff_id) values (23, 112);
insert into staff_research_activity (research_activity_id, staff_id) values (23, 87);
insert into staff_research_activity (research_activity_id, staff_id) values (29, 19);
insert into staff_research_activity (research_activity_id, staff_id) values (2, 104);
insert into staff_research_activity (research_activity_id, staff_id) values (49, 27);
insert into staff_research_activity (research_activity_id, staff_id) values (113, 63);
insert into staff_research_activity (research_activity_id, staff_id) values (5, 67);
insert into staff_research_activity (research_activity_id, staff_id) values (106, 18);
insert into staff_research_activity (research_activity_id, staff_id) values (26, 85);
insert into staff_research_activity (research_activity_id, staff_id) values (126, 116);
insert into staff_research_activity (research_activity_id, staff_id) values (58, 149);
insert into staff_research_activity (research_activity_id, staff_id) values (119, 101);
insert into staff_research_activity (research_activity_id, staff_id) values (139, 119);
insert into staff_research_activity (research_activity_id, staff_id) values (140, 34);
insert into staff_research_activity (research_activity_id, staff_id) values (64, 55);
insert into staff_research_activity (research_activity_id, staff_id) values (78, 13);
insert into staff_research_activity (research_activity_id, staff_id) values (45, 97);
insert into staff_research_activity (research_activity_id, staff_id) values (94, 87);
insert into staff_research_activity (research_activity_id, staff_id) values (42, 61);
insert into staff_research_activity (research_activity_id, staff_id) values (9, 128);
insert into staff_research_activity (research_activity_id, staff_id) values (15, 144);
insert into staff_research_activity (research_activity_id, staff_id) values (15, 7);
insert into staff_research_activity (research_activity_id, staff_id) values (61, 76);
insert into staff_research_activity (research_activity_id, staff_id) values (75, 102);
insert into staff_research_activity (research_activity_id, staff_id) values (12, 144);
insert into staff_research_activity (research_activity_id, staff_id) values (113, 64);
insert into staff_research_activity (research_activity_id, staff_id) values (34, 70);
insert into staff_research_activity (research_activity_id, staff_id) values (18, 133);
insert into staff_research_activity (research_activity_id, staff_id) values (85, 126);
insert into staff_research_activity (research_activity_id, staff_id) values (94, 132);
insert into staff_research_activity (research_activity_id, staff_id) values (119, 123);
insert into staff_research_activity (research_activity_id, staff_id) values (11, 81);
insert into staff_research_activity (research_activity_id, staff_id) values (138, 113);
insert into staff_research_activity (research_activity_id, staff_id) values (17, 114);
insert into staff_research_activity (research_activity_id, staff_id) values (19, 24);
insert into staff_research_activity (research_activity_id, staff_id) values (104, 98);
insert into staff_research_activity (research_activity_id, staff_id) values (128, 62);
insert into staff_research_activity (research_activity_id, staff_id) values (116, 115);
insert into staff_research_activity (research_activity_id, staff_id) values (55, 117);
insert into staff_research_activity (research_activity_id, staff_id) values (55, 37);
insert into staff_research_activity (research_activity_id, staff_id) values (4, 97);
insert into staff_research_activity (research_activity_id, staff_id) values (74, 56);
insert into staff_research_activity (research_activity_id, staff_id) values (37, 35);
insert into staff_research_activity (research_activity_id, staff_id) values (65, 84);
insert into staff_research_activity (research_activity_id, staff_id) values (130, 119);
insert into staff_research_activity (research_activity_id, staff_id) values (147, 43);
insert into staff_research_activity (research_activity_id, staff_id) values (81, 102);
insert into staff_research_activity (research_activity_id, staff_id) values (32, 32);
insert into staff_research_activity (research_activity_id, staff_id) values (148, 82);
insert into staff_research_activity (research_activity_id, staff_id) values (100, 128);
insert into staff_research_activity (research_activity_id, staff_id) values (148, 30);
insert into staff_research_activity (research_activity_id, staff_id) values (87, 122);
insert into staff_research_activity (research_activity_id, staff_id) values (16, 47);
insert into staff_research_activity (research_activity_id, staff_id) values (111, 125);
insert into staff_research_activity (research_activity_id, staff_id) values (34, 87);
insert into staff_research_activity (research_activity_id, staff_id) values (10, 146);
insert into staff_research_activity (research_activity_id, staff_id) values (9, 95);
insert into staff_research_activity (research_activity_id, staff_id) values (44, 63);
insert into staff_research_activity (research_activity_id, staff_id) values (94, 111);
insert into staff_research_activity (research_activity_id, staff_id) values (41, 48);
insert into staff_research_activity (research_activity_id, staff_id) values (55, 102);
insert into staff_research_activity (research_activity_id, staff_id) values (147, 40);
insert into staff_research_activity (research_activity_id, staff_id) values (85, 50);
insert into staff_research_activity (research_activity_id, staff_id) values (17, 23);
insert into staff_research_activity (research_activity_id, staff_id) values (98, 46);
insert into staff_research_activity (research_activity_id, staff_id) values (50, 4);
insert into staff_research_activity (research_activity_id, staff_id) values (141, 120);
insert into staff_research_activity (research_activity_id, staff_id) values (119, 123);
insert into staff_research_activity (research_activity_id, staff_id) values (42, 64);
insert into staff_research_activity (research_activity_id, staff_id) values (93, 17);
insert into staff_research_activity (research_activity_id, staff_id) values (111, 22);
insert into staff_research_activity (research_activity_id, staff_id) values (113, 72);
insert into staff_research_activity (research_activity_id, staff_id) values (127, 32);
insert into staff_research_activity (research_activity_id, staff_id) values (43, 38);
insert into staff_research_activity (research_activity_id, staff_id) values (128, 2);
insert into staff_research_activity (research_activity_id, staff_id) values (6, 48);
insert into staff_research_activity (research_activity_id, staff_id) values (20, 147);
insert into staff_research_activity (research_activity_id, staff_id) values (92, 98);
insert into staff_research_activity (research_activity_id, staff_id) values (145, 117);
insert into staff_research_activity (research_activity_id, staff_id) values (70, 107);
insert into staff_research_activity (research_activity_id, staff_id) values (52, 98);
insert into staff_research_activity (research_activity_id, staff_id) values (90, 147);
insert into staff_research_activity (research_activity_id, staff_id) values (147, 29);
insert into staff_research_activity (research_activity_id, staff_id) values (85, 11);
insert into staff_research_activity (research_activity_id, staff_id) values (65, 55);
insert into staff_research_activity (research_activity_id, staff_id) values (82, 141);
insert into staff_research_activity (research_activity_id, staff_id) values (69, 150);
insert into staff_research_activity (research_activity_id, staff_id) values (17, 34);
insert into staff_research_activity (research_activity_id, staff_id) values (8, 13);
insert into staff_research_activity (research_activity_id, staff_id) values (116, 145);
insert into staff_research_activity (research_activity_id, staff_id) values (100, 123);
insert into staff_research_activity (research_activity_id, staff_id) values (140, 104);
insert into staff_research_activity (research_activity_id, staff_id) values (67, 9);
insert into staff_research_activity (research_activity_id, staff_id) values (23, 34);
insert into staff_research_activity (research_activity_id, staff_id) values (102, 129);
insert into staff_research_activity (research_activity_id, staff_id) values (82, 18);
insert into staff_research_activity (research_activity_id, staff_id) values (96, 47);
insert into staff_research_activity (research_activity_id, staff_id) values (103, 23);
insert into staff_research_activity (research_activity_id, staff_id) values (137, 127);
insert into staff_research_activity (research_activity_id, staff_id) values (25, 28);
insert into staff_research_activity (research_activity_id, staff_id) values (5, 84);
insert into staff_research_activity (research_activity_id, staff_id) values (52, 59);
insert into staff_research_activity (research_activity_id, staff_id) values (47, 71);
insert into staff_research_activity (research_activity_id, staff_id) values (126, 106);
insert into staff_research_activity (research_activity_id, staff_id) values (96, 10);
insert into staff_research_activity (research_activity_id, staff_id) values (113, 71);
insert into staff_research_activity (research_activity_id, staff_id) values (120, 147);
insert into staff_research_activity (research_activity_id, staff_id) values (104, 89);
insert into staff_research_activity (research_activity_id, staff_id) values (117, 93);
insert into staff_research_activity (research_activity_id, staff_id) values (49, 69);
insert into staff_research_activity (research_activity_id, staff_id) values (59, 146);
insert into staff_research_activity (research_activity_id, staff_id) values (88, 33);
insert into staff_research_activity (research_activity_id, staff_id) values (26, 68);
insert into staff_research_activity (research_activity_id, staff_id) values (15, 13);
insert into staff_research_activity (research_activity_id, staff_id) values (117, 89);
insert into staff_research_activity (research_activity_id, staff_id) values (83, 70);
insert into staff_research_activity (research_activity_id, staff_id) values (66, 26);
insert into staff_research_activity (research_activity_id, staff_id) values (102, 61);
insert into staff_research_activity (research_activity_id, staff_id) values (59, 121);
insert into staff_research_activity (research_activity_id, staff_id) values (20, 63);
insert into staff_research_activity (research_activity_id, staff_id) values (94, 117);
insert into staff_research_activity (research_activity_id, staff_id) values (1, 36);
insert into staff_research_activity (research_activity_id, staff_id) values (62, 127);
insert into staff_research_activity (research_activity_id, staff_id) values (7, 129);
insert into staff_research_activity (research_activity_id, staff_id) values (114, 118);
insert into staff_research_activity (research_activity_id, staff_id) values (71, 64);
insert into staff_research_activity (research_activity_id, staff_id) values (135, 74);
insert into staff_research_activity (research_activity_id, staff_id) values (28, 95);
insert into staff_research_activity (research_activity_id, staff_id) values (43, 21);
insert into staff_research_activity (research_activity_id, staff_id) values (141, 133);
insert into staff_research_activity (research_activity_id, staff_id) values (35, 11);
insert into staff_research_activity (research_activity_id, staff_id) values (124, 14);
insert into staff_research_activity (research_activity_id, staff_id) values (42, 106);
insert into staff_research_activity (research_activity_id, staff_id) values (109, 137);
insert into staff_research_activity (research_activity_id, staff_id) values (143, 77);
insert into staff_research_activity (research_activity_id, staff_id) values (39, 110);
insert into staff_research_activity (research_activity_id, staff_id) values (4, 24);
insert into staff_research_activity (research_activity_id, staff_id) values (79, 36);
insert into staff_research_activity (research_activity_id, staff_id) values (36, 56);
insert into staff_research_activity (research_activity_id, staff_id) values (31, 23);
insert into staff_research_activity (research_activity_id, staff_id) values (131, 78);
insert into staff_research_activity (research_activity_id, staff_id) values (115, 59);
insert into staff_research_activity (research_activity_id, staff_id) values (4, 52);
insert into staff_research_activity (research_activity_id, staff_id) values (6, 84);
insert into staff_research_activity (research_activity_id, staff_id) values (11, 129);
insert into staff_research_activity (research_activity_id, staff_id) values (147, 31);
insert into staff_research_activity (research_activity_id, staff_id) values (138, 67);
insert into staff_research_activity (research_activity_id, staff_id) values (150, 113);
insert into staff_research_activity (research_activity_id, staff_id) values (29, 59);
insert into staff_research_activity (research_activity_id, staff_id) values (114, 54);
insert into staff_research_activity (research_activity_id, staff_id) values (7, 8);
insert into staff_research_activity (research_activity_id, staff_id) values (117, 75);
insert into staff_research_activity (research_activity_id, staff_id) values (33, 115);
insert into staff_research_activity (research_activity_id, staff_id) values (139, 122);
insert into staff_research_activity (research_activity_id, staff_id) values (114, 116);
insert into staff_research_activity (research_activity_id, staff_id) values (150, 45);
insert into staff_research_activity (research_activity_id, staff_id) values (142, 68);
insert into staff_research_activity (research_activity_id, staff_id) values (131, 133);
insert into staff_research_activity (research_activity_id, staff_id) values (142, 30);
insert into staff_research_activity (research_activity_id, staff_id) values (74, 133);
insert into staff_research_activity (research_activity_id, staff_id) values (18, 110);
insert into staff_research_activity (research_activity_id, staff_id) values (137, 57);
insert into staff_research_activity (research_activity_id, staff_id) values (67, 26);
insert into staff_research_activity (research_activity_id, staff_id) values (120, 55);
insert into staff_research_activity (research_activity_id, staff_id) values (129, 54);

insert into institute_financial_Records (id, institute_id, transaction_date, transaction_type, amount) values (1, 3, '2020-11-07', 'deposit', 9631);
insert into institute_financial_Records (id, institute_id, transaction_date, transaction_type, amount) values (2, 5, '2023-02-16', 'withdrawal', 9138);
insert into institute_financial_Records (id, institute_id, transaction_date, transaction_type, amount) values (3, 13, '2020-09-17', 'withdrawal', 2848);
insert into institute_financial_Records (id, institute_id, transaction_date, transaction_type, amount) values (4, 1, '2023-05-01', 'deposit', 2944);
insert into institute_financial_Records (id, institute_id, transaction_date, transaction_type, amount) values (5, 14, '2022-07-07', 'withdrawal', 8783);
insert into institute_financial_Records (id, institute_id, transaction_date, transaction_type, amount) values (6, 1, '2019-08-30', 'deposit', 9007);
insert into institute_financial_Records (id, institute_id, transaction_date, transaction_type, amount) values (7, 6, '2019-01-11', 'withdrawal', 5751);
insert into institute_financial_Records (id, institute_id, transaction_date, transaction_type, amount) values (8, 15, '2022-02-10', 'withdrawal', 6646);
insert into institute_financial_Records (id, institute_id, transaction_date, transaction_type, amount) values (9, 11, '2020-07-25', 'deposit', 2953);
insert into institute_financial_Records (id, institute_id, transaction_date, transaction_type, amount) values (10, 7, '2021-05-27', 'withdrawal', 4645);
insert into institute_financial_Records (id, institute_id, transaction_date, transaction_type, amount) values (11, 10, '2017-06-17', 'deposit', 1202);
insert into institute_financial_Records (id, institute_id, transaction_date, transaction_type, amount) values (12, 8, '2021-09-11', 'withdrawal', 1454);
insert into institute_financial_Records (id, institute_id, transaction_date, transaction_type, amount) values (13, 13, '2022-06-13', 'deposit', 4598);
insert into institute_financial_Records (id, institute_id, transaction_date, transaction_type, amount) values (14, 10, '2018-01-12', 'withdrawal', 318);
insert into institute_financial_Records (id, institute_id, transaction_date, transaction_type, amount) values (15, 8, '2018-04-18', 'withdrawal', 6312);
insert into institute_financial_Records (id, institute_id, transaction_date, transaction_type, amount) values (16, 7, '2019-02-09', 'withdrawal', 855);
insert into institute_financial_Records (id, institute_id, transaction_date, transaction_type, amount) values (17, 5, '2021-11-30', 'withdrawal', 3702);
insert into institute_financial_Records (id, institute_id, transaction_date, transaction_type, amount) values (18, 13, '2022-06-22', 'deposit', 1106);
insert into institute_financial_Records (id, institute_id, transaction_date, transaction_type, amount) values (19, 6, '2019-09-03', 'withdrawal', 6168);
insert into institute_financial_Records (id, institute_id, transaction_date, transaction_type, amount) values (20, 14, '2022-12-11', 'withdrawal', 6125);
insert into institute_financial_Records (id, institute_id, transaction_date, transaction_type, amount) values (21, 10, '2017-10-13', 'deposit', 1569);
insert into institute_financial_Records (id, institute_id, transaction_date, transaction_type, amount) values (22, 6, '2020-09-05', 'deposit', 5021);
insert into institute_financial_Records (id, institute_id, transaction_date, transaction_type, amount) values (23, 10, '2018-10-17', 'withdrawal', 3509);
insert into institute_financial_Records (id, institute_id, transaction_date, transaction_type, amount) values (24, 10, '2017-11-01', 'deposit', 3838);
insert into institute_financial_Records (id, institute_id, transaction_date, transaction_type, amount) values (25, 1, '2017-08-14', 'deposit', 8753);
insert into institute_financial_Records (id, institute_id, transaction_date, transaction_type, amount) values (26, 4, '2018-01-13', 'withdrawal', 8488);
insert into institute_financial_Records (id, institute_id, transaction_date, transaction_type, amount) values (27, 6, '2017-08-02', 'deposit', 6400);
insert into institute_financial_Records (id, institute_id, transaction_date, transaction_type, amount) values (28, 10, '2022-01-24', 'deposit', 1857);
insert into institute_financial_Records (id, institute_id, transaction_date, transaction_type, amount) values (29, 15, '2018-05-16', 'withdrawal', 4390);
insert into institute_financial_Records (id, institute_id, transaction_date, transaction_type, amount) values (30, 4, '2023-04-02', 'deposit', 9445);
insert into institute_financial_Records (id, institute_id, transaction_date, transaction_type, amount) values (31, 14, '2017-08-05', 'withdrawal', 512);
insert into institute_financial_Records (id, institute_id, transaction_date, transaction_type, amount) values (32, 1, '2018-12-19', 'withdrawal', 1108);
insert into institute_financial_Records (id, institute_id, transaction_date, transaction_type, amount) values (33, 12, '2020-11-19', 'deposit', 8958);
insert into institute_financial_Records (id, institute_id, transaction_date, transaction_type, amount) values (34, 11, '2017-06-29', 'withdrawal', 9801);
insert into institute_financial_Records (id, institute_id, transaction_date, transaction_type, amount) values (35, 2, '2022-12-14', 'withdrawal', 7737);
insert into institute_financial_Records (id, institute_id, transaction_date, transaction_type, amount) values (36, 13, '2020-04-13', 'withdrawal', 1037);
insert into institute_financial_Records (id, institute_id, transaction_date, transaction_type, amount) values (37, 3, '2021-04-08', 'deposit', 8981);
insert into institute_financial_Records (id, institute_id, transaction_date, transaction_type, amount) values (38, 13, '2018-09-09', 'withdrawal', 1940);
insert into institute_financial_Records (id, institute_id, transaction_date, transaction_type, amount) values (39, 14, '2019-11-14', 'deposit', 8775);
insert into institute_financial_Records (id, institute_id, transaction_date, transaction_type, amount) values (40, 9, '2021-08-04', 'withdrawal', 2140);
insert into institute_financial_Records (id, institute_id, transaction_date, transaction_type, amount) values (41, 5, '2022-12-30', 'withdrawal', 7412);
insert into institute_financial_Records (id, institute_id, transaction_date, transaction_type, amount) values (42, 15, '2019-04-14', 'withdrawal', 3971);
insert into institute_financial_Records (id, institute_id, transaction_date, transaction_type, amount) values (43, 11, '2022-10-21', 'deposit', 1348);
insert into institute_financial_Records (id, institute_id, transaction_date, transaction_type, amount) values (44, 2, '2020-05-20', 'deposit', 688);
insert into institute_financial_Records (id, institute_id, transaction_date, transaction_type, amount) values (45, 7, '2017-07-23', 'deposit', 5995);
insert into institute_financial_Records (id, institute_id, transaction_date, transaction_type, amount) values (46, 8, '2019-04-07', 'withdrawal', 6202);
insert into institute_financial_Records (id, institute_id, transaction_date, transaction_type, amount) values (47, 8, '2023-01-26', 'withdrawal', 6003);
insert into institute_financial_Records (id, institute_id, transaction_date, transaction_type, amount) values (48, 3, '2021-01-01', 'withdrawal', 9972);
insert into institute_financial_Records (id, institute_id, transaction_date, transaction_type, amount) values (49, 15, '2022-03-12', 'withdrawal', 2364);
insert into institute_financial_Records (id, institute_id, transaction_date, transaction_type, amount) values (50, 9, '2017-12-31', 'withdrawal', 5107);

insert into department_of_institute (id, institute_id, address) values (1, 13, '5164 Shasta Trail');
insert into department_of_institute (id, institute_id, address) values (2, 10, '5 Northridge Alley');
insert into department_of_institute (id, institute_id, address) values (3, 13, '93 Stang Place');
insert into department_of_institute (id, institute_id, address) values (4, 11, '0 Haas Pass');
insert into department_of_institute (id, institute_id, address) values (5, 15, '3621 Tennyson Center');
insert into department_of_institute (id, institute_id, address) values (6, 1, '3 Hollow Ridge Terrace');
insert into department_of_institute (id, institute_id, address) values (7, 9, '7 Eastwood Plaza');
insert into department_of_institute (id, institute_id, address) values (8, 14, '048 American Center');
insert into department_of_institute (id, institute_id, address) values (9, 3, '4696 Forest Trail');
insert into department_of_institute (id, institute_id, address) values (10, 13, '6380 Logan Way');
insert into department_of_institute (id, institute_id, address) values (11, 9, '37434 Northfield Park');
insert into department_of_institute (id, institute_id, address) values (12, 13, '1 Kim Hill');
insert into department_of_institute (id, institute_id, address) values (13, 2, '6296 Pawling Trail');
insert into department_of_institute (id, institute_id, address) values (14, 8, '7413 Hudson Lane');
insert into department_of_institute (id, institute_id, address) values (15, 6, '12532 Farmco Circle');
insert into department_of_institute (id, institute_id, address) values (16, 4, '102 Service Hill');
insert into department_of_institute (id, institute_id, address) values (17, 3, '19672 Anzinger Place');
insert into department_of_institute (id, institute_id, address) values (18, 5, '91811 Crescent Oaks Street');
insert into department_of_institute (id, institute_id, address) values (19, 3, '13782 Schlimgen Terrace');
insert into department_of_institute (id, institute_id, address) values (20, 12, '58039 Crownhardt Pass');
insert into department_of_institute (id, institute_id, address) values (21, 7, '40 Steensland Parkway');
insert into department_of_institute (id, institute_id, address) values (22, 8, '0019 Linden Circle');
insert into department_of_institute (id, institute_id, address) values (23, 7, '0924 High Crossing Plaza');
insert into department_of_institute (id, institute_id, address) values (24, 14, '42232 Armistice Circle');
insert into department_of_institute (id, institute_id, address) values (25, 2, '76132 Steensland Pass');
insert into department_of_institute (id, institute_id, address) values (26, 6, '4 Division Court');
insert into department_of_institute (id, institute_id, address) values (27, 12, '384 Mendota Junction');
insert into department_of_institute (id, institute_id, address) values (28, 13, '312 Vernon Avenue');
insert into department_of_institute (id, institute_id, address) values (29, 6, '592 Porter Hill');
insert into department_of_institute (id, institute_id, address) values (30, 14, '6 Gina Hill');
insert into department_of_institute (id, institute_id, address) values (31, 8, '0 Bayside Trail');
insert into department_of_institute (id, institute_id, address) values (32, 8, '27466 Fordem Park');
insert into department_of_institute (id, institute_id, address) values (33, 6, '514 Atwood Point');
insert into department_of_institute (id, institute_id, address) values (34, 15, '22395 International Park');
insert into department_of_institute (id, institute_id, address) values (35, 13, '738 Hoard Plaza');
insert into department_of_institute (id, institute_id, address) values (36, 13, '530 Hollow Ridge Park');
insert into department_of_institute (id, institute_id, address) values (37, 12, '386 Northridge Pass');
insert into department_of_institute (id, institute_id, address) values (38, 1, '9962 2nd Parkway');
insert into department_of_institute (id, institute_id, address) values (39, 14, '11 Granby Avenue');
insert into department_of_institute (id, institute_id, address) values (40, 4, '69 Scoville Junction');
insert into department_of_institute (id, institute_id, address) values (41, 10, '8 Twin Pines Circle');
insert into department_of_institute (id, institute_id, address) values (42, 5, '4 Schiller Pass');
insert into department_of_institute (id, institute_id, address) values (43, 14, '22 Evergreen Parkway');
insert into department_of_institute (id, institute_id, address) values (44, 4, '85 Walton Plaza');
insert into department_of_institute (id, institute_id, address) values (45, 4, '40612 8th Way');
insert into department_of_institute (id, institute_id, address) values (46, 8, '3 Mosinee Alley');
insert into department_of_institute (id, institute_id, address) values (47, 2, '891 Redwing Alley');
insert into department_of_institute (id, institute_id, address) values (48, 15, '1 Artisan Park');
insert into department_of_institute (id, institute_id, address) values (49, 3, '7 Portage Alley');
insert into department_of_institute (id, institute_id, address) values (50, 7, '0 Macpherson Road');

insert into specialized_fields (id, name) values (1, 'History and Civilization');
insert into specialized_fields (id, name) values (2, 'Psychology');
insert into specialized_fields (id, name) values (3, 'Economics and Marketing');
insert into specialized_fields (id, name) values (4, 'Political Science');
insert into specialized_fields (id, name) values (5, 'Sociology');
insert into specialized_fields (id, name) values (6, 'Geography');
insert into specialized_fields (id, name) values (7, 'Linguistics');
insert into specialized_fields (id, name) values (8, 'Education and Pedagogy');
insert into specialized_fields (id, name) values (9, 'Philosophy');
insert into specialized_fields (id, name) values (10, 'Art and Artists');
insert into specialized_fields (id, name) values (11, 'Science and Technology');
insert into specialized_fields (id, name) values (12, 'Environmental Science');
insert into specialized_fields (id, name) values (13, 'Law and Legal Studies');
insert into specialized_fields (id, name) values (14, 'Medicine and Healthcare');
insert into specialized_fields (id, name) values (15, 'International Relations and Political Science');
insert into specialized_fields (id, name) values (16, 'Mathematics and Statistics');
insert into specialized_fields (id, name) values (17, 'Anthropology');
insert into specialized_fields (id, name) values (18, 'Literature and Literary Studies');
insert into specialized_fields (id, name) values (19, 'Business and Management');
insert into specialized_fields (id, name) values (20, 'Communication and Media Studies');
insert into specialized_fields (id, name) values (21, 'Computer Science and Information Technology');
insert into specialized_fields (id, name) values (22, 'Archaeology');
insert into specialized_fields (id, name) values (23, 'Cultural Studies');
insert into specialized_fields (id, name) values (24, 'Engineering and Technology');
insert into specialized_fields (id, name) values (25, 'Music and Musicology');
insert into specialized_fields (id, name) values (26, 'Astronomy and Space Science');
insert into specialized_fields (id, name) values (27, 'Religion and Theology');
insert into specialized_fields (id, name) values (28, 'Sports and Exercise Science');
insert into specialized_fields (id, name) values (29, 'Nutrition and Dietetics');
insert into specialized_fields (id, name) values (30, 'Architecture and Urban Planning.');

insert into specialized_fields_of_research_activity (specialized_Fields_id, research_activity_Id) values (18, 1);
insert into specialized_fields_of_research_activity (specialized_Fields_id, research_activity_Id) values (29, 2);
insert into specialized_fields_of_research_activity (specialized_Fields_id, research_activity_Id) values (22, 3);
insert into specialized_fields_of_research_activity (specialized_Fields_id, research_activity_Id) values (8, 4);
insert into specialized_fields_of_research_activity (specialized_Fields_id, research_activity_Id) values (19, 5);
insert into specialized_fields_of_research_activity (specialized_Fields_id, research_activity_Id) values (15, 6);
insert into specialized_fields_of_research_activity (specialized_Fields_id, research_activity_Id) values (3, 7);
insert into specialized_fields_of_research_activity (specialized_Fields_id, research_activity_Id) values (8, 8);
insert into specialized_fields_of_research_activity (specialized_Fields_id, research_activity_Id) values (12, 9);
insert into specialized_fields_of_research_activity (specialized_Fields_id, research_activity_Id) values (21, 10);
insert into specialized_fields_of_research_activity (specialized_Fields_id, research_activity_Id) values (16, 11);
insert into specialized_fields_of_research_activity (specialized_Fields_id, research_activity_Id) values (16, 12);
insert into specialized_fields_of_research_activity (specialized_Fields_id, research_activity_Id) values (24, 13);
insert into specialized_fields_of_research_activity (specialized_Fields_id, research_activity_Id) values (14, 14);
insert into specialized_fields_of_research_activity (specialized_Fields_id, research_activity_Id) values (9, 15);
insert into specialized_fields_of_research_activity (specialized_Fields_id, research_activity_Id) values (1, 16);
insert into specialized_fields_of_research_activity (specialized_Fields_id, research_activity_Id) values (19, 17);
insert into specialized_fields_of_research_activity (specialized_Fields_id, research_activity_Id) values (16, 18);
insert into specialized_fields_of_research_activity (specialized_Fields_id, research_activity_Id) values (16, 19);
insert into specialized_fields_of_research_activity (specialized_Fields_id, research_activity_Id) values (18, 20);
insert into specialized_fields_of_research_activity (specialized_Fields_id, research_activity_Id) values (12, 21);
insert into specialized_fields_of_research_activity (specialized_Fields_id, research_activity_Id) values (1, 22);
insert into specialized_fields_of_research_activity (specialized_Fields_id, research_activity_Id) values (13, 23);
insert into specialized_fields_of_research_activity (specialized_Fields_id, research_activity_Id) values (13, 24);
insert into specialized_fields_of_research_activity (specialized_Fields_id, research_activity_Id) values (3, 25);
insert into specialized_fields_of_research_activity (specialized_Fields_id, research_activity_Id) values (17, 26);
insert into specialized_fields_of_research_activity (specialized_Fields_id, research_activity_Id) values (21, 27);
insert into specialized_fields_of_research_activity (specialized_Fields_id, research_activity_Id) values (5, 28);
insert into specialized_fields_of_research_activity (specialized_Fields_id, research_activity_Id) values (13, 29);
insert into specialized_fields_of_research_activity (specialized_Fields_id, research_activity_Id) values (20, 30);
insert into specialized_fields_of_research_activity (specialized_Fields_id, research_activity_Id) values (20, 31);
insert into specialized_fields_of_research_activity (specialized_Fields_id, research_activity_Id) values (19, 32);
insert into specialized_fields_of_research_activity (specialized_Fields_id, research_activity_Id) values (6, 33);
insert into specialized_fields_of_research_activity (specialized_Fields_id, research_activity_Id) values (14, 34);
insert into specialized_fields_of_research_activity (specialized_Fields_id, research_activity_Id) values (28, 35);
insert into specialized_fields_of_research_activity (specialized_Fields_id, research_activity_Id) values (23, 36);
insert into specialized_fields_of_research_activity (specialized_Fields_id, research_activity_Id) values (14, 37);
insert into specialized_fields_of_research_activity (specialized_Fields_id, research_activity_Id) values (4, 38);
insert into specialized_fields_of_research_activity (specialized_Fields_id, research_activity_Id) values (5, 39);
insert into specialized_fields_of_research_activity (specialized_Fields_id, research_activity_Id) values (28, 40);
insert into specialized_fields_of_research_activity (specialized_Fields_id, research_activity_Id) values (2, 41);
insert into specialized_fields_of_research_activity (specialized_Fields_id, research_activity_Id) values (1, 42);
insert into specialized_fields_of_research_activity (specialized_Fields_id, research_activity_Id) values (19, 43);
insert into specialized_fields_of_research_activity (specialized_Fields_id, research_activity_Id) values (21, 44);
insert into specialized_fields_of_research_activity (specialized_Fields_id, research_activity_Id) values (13, 45);
insert into specialized_fields_of_research_activity (specialized_Fields_id, research_activity_Id) values (20, 46);
insert into specialized_fields_of_research_activity (specialized_Fields_id, research_activity_Id) values (3, 47);
insert into specialized_fields_of_research_activity (specialized_Fields_id, research_activity_Id) values (24, 48);
insert into specialized_fields_of_research_activity (specialized_Fields_id, research_activity_Id) values (6, 49);
insert into specialized_fields_of_research_activity (specialized_Fields_id, research_activity_Id) values (3, 50);
insert into specialized_fields_of_research_activity (specialized_Fields_id, research_activity_Id) values (22, 51);
insert into specialized_fields_of_research_activity (specialized_Fields_id, research_activity_Id) values (16, 52);
insert into specialized_fields_of_research_activity (specialized_Fields_id, research_activity_Id) values (12, 53);
insert into specialized_fields_of_research_activity (specialized_Fields_id, research_activity_Id) values (21, 54);
insert into specialized_fields_of_research_activity (specialized_Fields_id, research_activity_Id) values (15, 55);
insert into specialized_fields_of_research_activity (specialized_Fields_id, research_activity_Id) values (17, 56);
insert into specialized_fields_of_research_activity (specialized_Fields_id, research_activity_Id) values (18, 57);
insert into specialized_fields_of_research_activity (specialized_Fields_id, research_activity_Id) values (23, 58);
insert into specialized_fields_of_research_activity (specialized_Fields_id, research_activity_Id) values (26, 59);
insert into specialized_fields_of_research_activity (specialized_Fields_id, research_activity_Id) values (7, 60);
insert into specialized_fields_of_research_activity (specialized_Fields_id, research_activity_Id) values (6, 61);
insert into specialized_fields_of_research_activity (specialized_Fields_id, research_activity_Id) values (13, 62);
insert into specialized_fields_of_research_activity (specialized_Fields_id, research_activity_Id) values (15, 63);
insert into specialized_fields_of_research_activity (specialized_Fields_id, research_activity_Id) values (15, 64);
insert into specialized_fields_of_research_activity (specialized_Fields_id, research_activity_Id) values (28, 65);
insert into specialized_fields_of_research_activity (specialized_Fields_id, research_activity_Id) values (7, 66);
insert into specialized_fields_of_research_activity (specialized_Fields_id, research_activity_Id) values (29, 67);
insert into specialized_fields_of_research_activity (specialized_Fields_id, research_activity_Id) values (3, 68);
insert into specialized_fields_of_research_activity (specialized_Fields_id, research_activity_Id) values (1, 69);
insert into specialized_fields_of_research_activity (specialized_Fields_id, research_activity_Id) values (20, 70);
insert into specialized_fields_of_research_activity (specialized_Fields_id, research_activity_Id) values (30, 71);
insert into specialized_fields_of_research_activity (specialized_Fields_id, research_activity_Id) values (29, 72);
insert into specialized_fields_of_research_activity (specialized_Fields_id, research_activity_Id) values (15, 73);
insert into specialized_fields_of_research_activity (specialized_Fields_id, research_activity_Id) values (8, 74);
insert into specialized_fields_of_research_activity (specialized_Fields_id, research_activity_Id) values (3, 75);
insert into specialized_fields_of_research_activity (specialized_Fields_id, research_activity_Id) values (4, 76);
insert into specialized_fields_of_research_activity (specialized_Fields_id, research_activity_Id) values (4, 77);
insert into specialized_fields_of_research_activity (specialized_Fields_id, research_activity_Id) values (30, 78);
insert into specialized_fields_of_research_activity (specialized_Fields_id, research_activity_Id) values (1, 79);
insert into specialized_fields_of_research_activity (specialized_Fields_id, research_activity_Id) values (30, 80);
insert into specialized_fields_of_research_activity (specialized_Fields_id, research_activity_Id) values (13, 81);
insert into specialized_fields_of_research_activity (specialized_Fields_id, research_activity_Id) values (13, 82);
insert into specialized_fields_of_research_activity (specialized_Fields_id, research_activity_Id) values (10, 83);
insert into specialized_fields_of_research_activity (specialized_Fields_id, research_activity_Id) values (14, 84);
insert into specialized_fields_of_research_activity (specialized_Fields_id, research_activity_Id) values (7, 85);
insert into specialized_fields_of_research_activity (specialized_Fields_id, research_activity_Id) values (1, 86);
insert into specialized_fields_of_research_activity (specialized_Fields_id, research_activity_Id) values (7, 87);
insert into specialized_fields_of_research_activity (specialized_Fields_id, research_activity_Id) values (10, 88);
insert into specialized_fields_of_research_activity (specialized_Fields_id, research_activity_Id) values (10, 89);
insert into specialized_fields_of_research_activity (specialized_Fields_id, research_activity_Id) values (20, 90);
insert into specialized_fields_of_research_activity (specialized_Fields_id, research_activity_Id) values (26, 91);
insert into specialized_fields_of_research_activity (specialized_Fields_id, research_activity_Id) values (9, 92);
insert into specialized_fields_of_research_activity (specialized_Fields_id, research_activity_Id) values (11, 93);
insert into specialized_fields_of_research_activity (specialized_Fields_id, research_activity_Id) values (5, 94);
insert into specialized_fields_of_research_activity (specialized_Fields_id, research_activity_Id) values (4, 95);
insert into specialized_fields_of_research_activity (specialized_Fields_id, research_activity_Id) values (25, 96);
insert into specialized_fields_of_research_activity (specialized_Fields_id, research_activity_Id) values (5, 97);
insert into specialized_fields_of_research_activity (specialized_Fields_id, research_activity_Id) values (7, 98);
insert into specialized_fields_of_research_activity (specialized_Fields_id, research_activity_Id) values (12, 99);
insert into specialized_fields_of_research_activity (specialized_Fields_id, research_activity_Id) values (14, 100);
insert into specialized_fields_of_research_activity (specialized_Fields_id, research_activity_Id) values (17, 101);
insert into specialized_fields_of_research_activity (specialized_Fields_id, research_activity_Id) values (2, 102);
insert into specialized_fields_of_research_activity (specialized_Fields_id, research_activity_Id) values (3, 103);
insert into specialized_fields_of_research_activity (specialized_Fields_id, research_activity_Id) values (26, 104);
insert into specialized_fields_of_research_activity (specialized_Fields_id, research_activity_Id) values (16, 105);
insert into specialized_fields_of_research_activity (specialized_Fields_id, research_activity_Id) values (27, 106);
insert into specialized_fields_of_research_activity (specialized_Fields_id, research_activity_Id) values (20, 107);
insert into specialized_fields_of_research_activity (specialized_Fields_id, research_activity_Id) values (27, 108);
insert into specialized_fields_of_research_activity (specialized_Fields_id, research_activity_Id) values (1, 109);
insert into specialized_fields_of_research_activity (specialized_Fields_id, research_activity_Id) values (18, 110);
insert into specialized_fields_of_research_activity (specialized_Fields_id, research_activity_Id) values (14, 111);
insert into specialized_fields_of_research_activity (specialized_Fields_id, research_activity_Id) values (26, 112);
insert into specialized_fields_of_research_activity (specialized_Fields_id, research_activity_Id) values (4, 113);
insert into specialized_fields_of_research_activity (specialized_Fields_id, research_activity_Id) values (9, 114);
insert into specialized_fields_of_research_activity (specialized_Fields_id, research_activity_Id) values (19, 115);
insert into specialized_fields_of_research_activity (specialized_Fields_id, research_activity_Id) values (7, 116);
insert into specialized_fields_of_research_activity (specialized_Fields_id, research_activity_Id) values (10, 117);
insert into specialized_fields_of_research_activity (specialized_Fields_id, research_activity_Id) values (28, 118);
insert into specialized_fields_of_research_activity (specialized_Fields_id, research_activity_Id) values (3, 119);
insert into specialized_fields_of_research_activity (specialized_Fields_id, research_activity_Id) values (6, 120);
insert into specialized_fields_of_research_activity (specialized_Fields_id, research_activity_Id) values (27, 121);
insert into specialized_fields_of_research_activity (specialized_Fields_id, research_activity_Id) values (13, 122);
insert into specialized_fields_of_research_activity (specialized_Fields_id, research_activity_Id) values (24, 123);
insert into specialized_fields_of_research_activity (specialized_Fields_id, research_activity_Id) values (4, 124);
insert into specialized_fields_of_research_activity (specialized_Fields_id, research_activity_Id) values (9, 125);
insert into specialized_fields_of_research_activity (specialized_Fields_id, research_activity_Id) values (30, 126);
insert into specialized_fields_of_research_activity (specialized_Fields_id, research_activity_Id) values (22, 127);
insert into specialized_fields_of_research_activity (specialized_Fields_id, research_activity_Id) values (28, 128);
insert into specialized_fields_of_research_activity (specialized_Fields_id, research_activity_Id) values (5, 129);
insert into specialized_fields_of_research_activity (specialized_Fields_id, research_activity_Id) values (8, 130);
insert into specialized_fields_of_research_activity (specialized_Fields_id, research_activity_Id) values (10, 131);
insert into specialized_fields_of_research_activity (specialized_Fields_id, research_activity_Id) values (2, 132);
insert into specialized_fields_of_research_activity (specialized_Fields_id, research_activity_Id) values (2, 133);
insert into specialized_fields_of_research_activity (specialized_Fields_id, research_activity_Id) values (16, 134);
insert into specialized_fields_of_research_activity (specialized_Fields_id, research_activity_Id) values (13, 135);
insert into specialized_fields_of_research_activity (specialized_Fields_id, research_activity_Id) values (12, 136);
insert into specialized_fields_of_research_activity (specialized_Fields_id, research_activity_Id) values (24, 137);
insert into specialized_fields_of_research_activity (specialized_Fields_id, research_activity_Id) values (19, 138);
insert into specialized_fields_of_research_activity (specialized_Fields_id, research_activity_Id) values (25, 139);
insert into specialized_fields_of_research_activity (specialized_Fields_id, research_activity_Id) values (28, 140);
insert into specialized_fields_of_research_activity (specialized_Fields_id, research_activity_Id) values (18, 141);
insert into specialized_fields_of_research_activity (specialized_Fields_id, research_activity_Id) values (28, 142);
insert into specialized_fields_of_research_activity (specialized_Fields_id, research_activity_Id) values (22, 143);
insert into specialized_fields_of_research_activity (specialized_Fields_id, research_activity_Id) values (29, 144);
insert into specialized_fields_of_research_activity (specialized_Fields_id, research_activity_Id) values (11, 145);
insert into specialized_fields_of_research_activity (specialized_Fields_id, research_activity_Id) values (20, 146);
insert into specialized_fields_of_research_activity (specialized_Fields_id, research_activity_Id) values (12, 147);
insert into specialized_fields_of_research_activity (specialized_Fields_id, research_activity_Id) values (2, 148);
insert into specialized_fields_of_research_activity (specialized_Fields_id, research_activity_Id) values (4, 149);
insert into specialized_fields_of_research_activity (specialized_Fields_id, research_activity_Id) values (15, 150);
insert into specialized_fields_of_research_activity (specialized_Fields_id, research_activity_Id) values (26, 1);
insert into specialized_fields_of_research_activity (specialized_Fields_id, research_activity_Id) values (17, 2);
insert into specialized_fields_of_research_activity (specialized_Fields_id, research_activity_Id) values (14, 3);
insert into specialized_fields_of_research_activity (specialized_Fields_id, research_activity_Id) values (26, 4);
insert into specialized_fields_of_research_activity (specialized_Fields_id, research_activity_Id) values (29, 5);
insert into specialized_fields_of_research_activity (specialized_Fields_id, research_activity_Id) values (18, 6);
insert into specialized_fields_of_research_activity (specialized_Fields_id, research_activity_Id) values (28, 7);
insert into specialized_fields_of_research_activity (specialized_Fields_id, research_activity_Id) values (3, 8);
insert into specialized_fields_of_research_activity (specialized_Fields_id, research_activity_Id) values (24, 9);
insert into specialized_fields_of_research_activity (specialized_Fields_id, research_activity_Id) values (15, 10);
insert into specialized_fields_of_research_activity (specialized_Fields_id, research_activity_Id) values (25, 11);
insert into specialized_fields_of_research_activity (specialized_Fields_id, research_activity_Id) values (17, 12);
insert into specialized_fields_of_research_activity (specialized_Fields_id, research_activity_Id) values (18, 13);
insert into specialized_fields_of_research_activity (specialized_Fields_id, research_activity_Id) values (24, 14);
insert into specialized_fields_of_research_activity (specialized_Fields_id, research_activity_Id) values (13, 15);
insert into specialized_fields_of_research_activity (specialized_Fields_id, research_activity_Id) values (17, 16);
insert into specialized_fields_of_research_activity (specialized_Fields_id, research_activity_Id) values (25, 17);
insert into specialized_fields_of_research_activity (specialized_Fields_id, research_activity_Id) values (6, 18);
insert into specialized_fields_of_research_activity (specialized_Fields_id, research_activity_Id) values (5, 19);
insert into specialized_fields_of_research_activity (specialized_Fields_id, research_activity_Id) values (17, 20);
insert into specialized_fields_of_research_activity (specialized_Fields_id, research_activity_Id) values (27, 21);
insert into specialized_fields_of_research_activity (specialized_Fields_id, research_activity_Id) values (2, 22);
insert into specialized_fields_of_research_activity (specialized_Fields_id, research_activity_Id) values (11, 23);
insert into specialized_fields_of_research_activity (specialized_Fields_id, research_activity_Id) values (28, 24);
insert into specialized_fields_of_research_activity (specialized_Fields_id, research_activity_Id) values (13, 25);
insert into specialized_fields_of_research_activity (specialized_Fields_id, research_activity_Id) values (30, 26);
insert into specialized_fields_of_research_activity (specialized_Fields_id, research_activity_Id) values (28, 27);
insert into specialized_fields_of_research_activity (specialized_Fields_id, research_activity_Id) values (4, 28);
insert into specialized_fields_of_research_activity (specialized_Fields_id, research_activity_Id) values (9, 29);
insert into specialized_fields_of_research_activity (specialized_Fields_id, research_activity_Id) values (2, 30);
insert into specialized_fields_of_research_activity (specialized_Fields_id, research_activity_Id) values (21, 31);
insert into specialized_fields_of_research_activity (specialized_Fields_id, research_activity_Id) values (30, 32);
insert into specialized_fields_of_research_activity (specialized_Fields_id, research_activity_Id) values (20, 33);
insert into specialized_fields_of_research_activity (specialized_Fields_id, research_activity_Id) values (26, 34);
insert into specialized_fields_of_research_activity (specialized_Fields_id, research_activity_Id) values (11, 35);
insert into specialized_fields_of_research_activity (specialized_Fields_id, research_activity_Id) values (11, 36);
insert into specialized_fields_of_research_activity (specialized_Fields_id, research_activity_Id) values (29, 37);
insert into specialized_fields_of_research_activity (specialized_Fields_id, research_activity_Id) values (30, 38);
insert into specialized_fields_of_research_activity (specialized_Fields_id, research_activity_Id) values (30, 39);
insert into specialized_fields_of_research_activity (specialized_Fields_id, research_activity_Id) values (12, 40);
insert into specialized_fields_of_research_activity (specialized_Fields_id, research_activity_Id) values (15, 41);
insert into specialized_fields_of_research_activity (specialized_Fields_id, research_activity_Id) values (14, 42);
insert into specialized_fields_of_research_activity (specialized_Fields_id, research_activity_Id) values (30, 43);
insert into specialized_fields_of_research_activity (specialized_Fields_id, research_activity_Id) values (6, 44);
insert into specialized_fields_of_research_activity (specialized_Fields_id, research_activity_Id) values (2, 45);
insert into specialized_fields_of_research_activity (specialized_Fields_id, research_activity_Id) values (26, 46);
insert into specialized_fields_of_research_activity (specialized_Fields_id, research_activity_Id) values (24, 47);
insert into specialized_fields_of_research_activity (specialized_Fields_id, research_activity_Id) values (23, 48);
insert into specialized_fields_of_research_activity (specialized_Fields_id, research_activity_Id) values (22, 49);
insert into specialized_fields_of_research_activity (specialized_Fields_id, research_activity_Id) values (3, 50);
insert into specialized_fields_of_research_activity (specialized_Fields_id, research_activity_Id) values (26, 51);
insert into specialized_fields_of_research_activity (specialized_Fields_id, research_activity_Id) values (16, 52);
insert into specialized_fields_of_research_activity (specialized_Fields_id, research_activity_Id) values (16, 53);
insert into specialized_fields_of_research_activity (specialized_Fields_id, research_activity_Id) values (7, 54);
insert into specialized_fields_of_research_activity (specialized_Fields_id, research_activity_Id) values (2, 55);
insert into specialized_fields_of_research_activity (specialized_Fields_id, research_activity_Id) values (17, 56);
insert into specialized_fields_of_research_activity (specialized_Fields_id, research_activity_Id) values (1, 57);
insert into specialized_fields_of_research_activity (specialized_Fields_id, research_activity_Id) values (24, 58);
insert into specialized_fields_of_research_activity (specialized_Fields_id, research_activity_Id) values (5, 59);
insert into specialized_fields_of_research_activity (specialized_Fields_id, research_activity_Id) values (2, 60);
insert into specialized_fields_of_research_activity (specialized_Fields_id, research_activity_Id) values (2, 61);
insert into specialized_fields_of_research_activity (specialized_Fields_id, research_activity_Id) values (21, 62);
insert into specialized_fields_of_research_activity (specialized_Fields_id, research_activity_Id) values (18, 63);
insert into specialized_fields_of_research_activity (specialized_Fields_id, research_activity_Id) values (9, 64);
insert into specialized_fields_of_research_activity (specialized_Fields_id, research_activity_Id) values (4, 65);
insert into specialized_fields_of_research_activity (specialized_Fields_id, research_activity_Id) values (21, 66);
insert into specialized_fields_of_research_activity (specialized_Fields_id, research_activity_Id) values (10, 67);
insert into specialized_fields_of_research_activity (specialized_Fields_id, research_activity_Id) values (30, 68);
insert into specialized_fields_of_research_activity (specialized_Fields_id, research_activity_Id) values (5, 69);
insert into specialized_fields_of_research_activity (specialized_Fields_id, research_activity_Id) values (23, 70);
insert into specialized_fields_of_research_activity (specialized_Fields_id, research_activity_Id) values (15, 71);
insert into specialized_fields_of_research_activity (specialized_Fields_id, research_activity_Id) values (2, 72);
insert into specialized_fields_of_research_activity (specialized_Fields_id, research_activity_Id) values (9, 73);
insert into specialized_fields_of_research_activity (specialized_Fields_id, research_activity_Id) values (29, 74);
insert into specialized_fields_of_research_activity (specialized_Fields_id, research_activity_Id) values (3, 75);
insert into specialized_fields_of_research_activity (specialized_Fields_id, research_activity_Id) values (11, 76);
insert into specialized_fields_of_research_activity (specialized_Fields_id, research_activity_Id) values (15, 77);
insert into specialized_fields_of_research_activity (specialized_Fields_id, research_activity_Id) values (1, 78);
insert into specialized_fields_of_research_activity (specialized_Fields_id, research_activity_Id) values (24, 79);
insert into specialized_fields_of_research_activity (specialized_Fields_id, research_activity_Id) values (19, 80);
insert into specialized_fields_of_research_activity (specialized_Fields_id, research_activity_Id) values (23, 81);
insert into specialized_fields_of_research_activity (specialized_Fields_id, research_activity_Id) values (19, 82);
insert into specialized_fields_of_research_activity (specialized_Fields_id, research_activity_Id) values (12, 83);
insert into specialized_fields_of_research_activity (specialized_Fields_id, research_activity_Id) values (27, 84);
insert into specialized_fields_of_research_activity (specialized_Fields_id, research_activity_Id) values (23, 85);
insert into specialized_fields_of_research_activity (specialized_Fields_id, research_activity_Id) values (3, 86);
insert into specialized_fields_of_research_activity (specialized_Fields_id, research_activity_Id) values (6, 87);
insert into specialized_fields_of_research_activity (specialized_Fields_id, research_activity_Id) values (26, 88);
insert into specialized_fields_of_research_activity (specialized_Fields_id, research_activity_Id) values (25, 89);
insert into specialized_fields_of_research_activity (specialized_Fields_id, research_activity_Id) values (25, 90);
insert into specialized_fields_of_research_activity (specialized_Fields_id, research_activity_Id) values (4, 91);
insert into specialized_fields_of_research_activity (specialized_Fields_id, research_activity_Id) values (4, 92);
insert into specialized_fields_of_research_activity (specialized_Fields_id, research_activity_Id) values (6, 93);
insert into specialized_fields_of_research_activity (specialized_Fields_id, research_activity_Id) values (6, 94);
insert into specialized_fields_of_research_activity (specialized_Fields_id, research_activity_Id) values (18, 95);
insert into specialized_fields_of_research_activity (specialized_Fields_id, research_activity_Id) values (6, 96);
insert into specialized_fields_of_research_activity (specialized_Fields_id, research_activity_Id) values (11, 97);
insert into specialized_fields_of_research_activity (specialized_Fields_id, research_activity_Id) values (2, 98);
insert into specialized_fields_of_research_activity (specialized_Fields_id, research_activity_Id) values (19, 99);
insert into specialized_fields_of_research_activity (specialized_Fields_id, research_activity_Id) values (10, 100);
insert into specialized_fields_of_research_activity (specialized_Fields_id, research_activity_Id) values (25, 101);
insert into specialized_fields_of_research_activity (specialized_Fields_id, research_activity_Id) values (10, 102);
insert into specialized_fields_of_research_activity (specialized_Fields_id, research_activity_Id) values (16, 103);
insert into specialized_fields_of_research_activity (specialized_Fields_id, research_activity_Id) values (7, 104);
insert into specialized_fields_of_research_activity (specialized_Fields_id, research_activity_Id) values (2, 105);
insert into specialized_fields_of_research_activity (specialized_Fields_id, research_activity_Id) values (6, 106);
insert into specialized_fields_of_research_activity (specialized_Fields_id, research_activity_Id) values (25, 107);
insert into specialized_fields_of_research_activity (specialized_Fields_id, research_activity_Id) values (9, 108);
insert into specialized_fields_of_research_activity (specialized_Fields_id, research_activity_Id) values (13, 109);
insert into specialized_fields_of_research_activity (specialized_Fields_id, research_activity_Id) values (29, 110);
insert into specialized_fields_of_research_activity (specialized_Fields_id, research_activity_Id) values (16, 111);
insert into specialized_fields_of_research_activity (specialized_Fields_id, research_activity_Id) values (1, 112);
insert into specialized_fields_of_research_activity (specialized_Fields_id, research_activity_Id) values (21, 113);
insert into specialized_fields_of_research_activity (specialized_Fields_id, research_activity_Id) values (18, 114);
insert into specialized_fields_of_research_activity (specialized_Fields_id, research_activity_Id) values (20, 115);
insert into specialized_fields_of_research_activity (specialized_Fields_id, research_activity_Id) values (28, 116);
insert into specialized_fields_of_research_activity (specialized_Fields_id, research_activity_Id) values (18, 117);
insert into specialized_fields_of_research_activity (specialized_Fields_id, research_activity_Id) values (22, 118);
insert into specialized_fields_of_research_activity (specialized_Fields_id, research_activity_Id) values (29, 119);
insert into specialized_fields_of_research_activity (specialized_Fields_id, research_activity_Id) values (22, 120);
insert into specialized_fields_of_research_activity (specialized_Fields_id, research_activity_Id) values (4, 121);
insert into specialized_fields_of_research_activity (specialized_Fields_id, research_activity_Id) values (16, 122);
insert into specialized_fields_of_research_activity (specialized_Fields_id, research_activity_Id) values (25, 123);
insert into specialized_fields_of_research_activity (specialized_Fields_id, research_activity_Id) values (22, 124);
insert into specialized_fields_of_research_activity (specialized_Fields_id, research_activity_Id) values (29, 125);
insert into specialized_fields_of_research_activity (specialized_Fields_id, research_activity_Id) values (12, 126);
insert into specialized_fields_of_research_activity (specialized_Fields_id, research_activity_Id) values (21, 127);
insert into specialized_fields_of_research_activity (specialized_Fields_id, research_activity_Id) values (19, 128);
insert into specialized_fields_of_research_activity (specialized_Fields_id, research_activity_Id) values (13, 129);
insert into specialized_fields_of_research_activity (specialized_Fields_id, research_activity_Id) values (4, 130);
insert into specialized_fields_of_research_activity (specialized_Fields_id, research_activity_Id) values (23, 131);
insert into specialized_fields_of_research_activity (specialized_Fields_id, research_activity_Id) values (28, 132);
insert into specialized_fields_of_research_activity (specialized_Fields_id, research_activity_Id) values (24, 133);
insert into specialized_fields_of_research_activity (specialized_Fields_id, research_activity_Id) values (3, 134);
insert into specialized_fields_of_research_activity (specialized_Fields_id, research_activity_Id) values (23, 135);
insert into specialized_fields_of_research_activity (specialized_Fields_id, research_activity_Id) values (21, 136);
insert into specialized_fields_of_research_activity (specialized_Fields_id, research_activity_Id) values (21, 137);
insert into specialized_fields_of_research_activity (specialized_Fields_id, research_activity_Id) values (21, 138);
insert into specialized_fields_of_research_activity (specialized_Fields_id, research_activity_Id) values (29, 139);
insert into specialized_fields_of_research_activity (specialized_Fields_id, research_activity_Id) values (22, 140);
insert into specialized_fields_of_research_activity (specialized_Fields_id, research_activity_Id) values (26, 141);
insert into specialized_fields_of_research_activity (specialized_Fields_id, research_activity_Id) values (25, 142);
insert into specialized_fields_of_research_activity (specialized_Fields_id, research_activity_Id) values (2, 143);
insert into specialized_fields_of_research_activity (specialized_Fields_id, research_activity_Id) values (15, 144);
insert into specialized_fields_of_research_activity (specialized_Fields_id, research_activity_Id) values (21, 145);
insert into specialized_fields_of_research_activity (specialized_Fields_id, research_activity_Id) values (11, 146);
insert into specialized_fields_of_research_activity (specialized_Fields_id, research_activity_Id) values (18, 147);
insert into specialized_fields_of_research_activity (specialized_Fields_id, research_activity_Id) values (3, 148);
insert into specialized_fields_of_research_activity (specialized_Fields_id, research_activity_Id) values (1, 149);
insert into specialized_fields_of_research_activity (specialized_Fields_id, research_activity_Id) values (16, 150);

insert into financial_Source (id, type_Id) values (1, 1);
insert into financial_Source (id, type_Id) values (2, 1);
insert into financial_Source (id, type_Id) values (3, 1);
insert into financial_Source (id, type_Id) values (4, 1);
insert into financial_Source (id, type_Id) values (5, 1);
insert into financial_Source (id, type_Id) values (6, 1);
insert into financial_Source (id, type_Id) values (7, 1);
insert into financial_Source (id, type_Id) values (8, 2);
insert into financial_Source (id, type_Id) values (9, 2);
insert into financial_Source (id, type_Id) values (10, 1);
insert into financial_Source (id, type_Id) values (11, 1);
insert into financial_Source (id, type_Id) values (12, 2);
insert into financial_Source (id, type_Id) values (13, 1);
insert into financial_Source (id, type_Id) values (14, 1);
insert into financial_Source (id, type_Id) values (15, 1);
insert into financial_Source (id, type_Id) values (16, 2);
insert into financial_Source (id, type_Id) values (17, 1);
insert into financial_Source (id, type_Id) values (18, 1);
insert into financial_Source (id, type_Id) values (19, 2);
insert into financial_Source (id, type_Id) values (20, 1);
insert into financial_Source (id, type_Id) values (21, 2);
insert into financial_Source (id, type_Id) values (22, 2);
insert into financial_Source (id, type_Id) values (23, 1);
insert into financial_Source (id, type_Id) values (24, 2);
insert into financial_Source (id, type_Id) values (25, 1);
insert into financial_Source (id, type_Id) values (26, 2);
insert into financial_Source (id, type_Id) values (27, 2);
insert into financial_Source (id, type_Id) values (28, 2);
insert into financial_Source (id, type_Id) values (29, 1);
insert into financial_Source (id, type_Id) values (30, 1);

insert into financial_source_of_research_activity (research_activity_Id, financial_Source_Id, financial_Budget, financial_Budget_Type_Id) values (1, 18, 4384, 2);
insert into financial_source_of_research_activity (research_activity_Id, financial_Source_Id, financial_Budget, financial_Budget_Type_Id) values (2, 20, 795, 2);
insert into financial_source_of_research_activity (research_activity_Id, financial_Source_Id, financial_Budget, financial_Budget_Type_Id) values (3, 27, 990, 1);
insert into financial_source_of_research_activity (research_activity_Id, financial_Source_Id, financial_Budget, financial_Budget_Type_Id) values (4, 8, 2635, 1);
insert into financial_source_of_research_activity (research_activity_Id, financial_Source_Id, financial_Budget, financial_Budget_Type_Id) values (5, 1, 3009, 1);
insert into financial_source_of_research_activity (research_activity_Id, financial_Source_Id, financial_Budget, financial_Budget_Type_Id) values (6, 27, 1176, 1);
insert into financial_source_of_research_activity (research_activity_Id, financial_Source_Id, financial_Budget, financial_Budget_Type_Id) values (7, 26, 4953, 1);
insert into financial_source_of_research_activity (research_activity_Id, financial_Source_Id, financial_Budget, financial_Budget_Type_Id) values (8, 9, 2536, 1);
insert into financial_source_of_research_activity (research_activity_Id, financial_Source_Id, financial_Budget, financial_Budget_Type_Id) values (9, 16, 2799, 1);
insert into financial_source_of_research_activity (research_activity_Id, financial_Source_Id, financial_Budget, financial_Budget_Type_Id) values (10, 27, 1153, 2);
insert into financial_source_of_research_activity (research_activity_Id, financial_Source_Id, financial_Budget, financial_Budget_Type_Id) values (11, 12, 2581, 3);
insert into financial_source_of_research_activity (research_activity_Id, financial_Source_Id, financial_Budget, financial_Budget_Type_Id) values (12, 27, 562, 2);
insert into financial_source_of_research_activity (research_activity_Id, financial_Source_Id, financial_Budget, financial_Budget_Type_Id) values (13, 14, 2675, 2);
insert into financial_source_of_research_activity (research_activity_Id, financial_Source_Id, financial_Budget, financial_Budget_Type_Id) values (14, 5, 1666, 1);
insert into financial_source_of_research_activity (research_activity_Id, financial_Source_Id, financial_Budget, financial_Budget_Type_Id) values (15, 3, 3853, 3);
insert into financial_source_of_research_activity (research_activity_Id, financial_Source_Id, financial_Budget, financial_Budget_Type_Id) values (16, 9, 1636, 1);
insert into financial_source_of_research_activity (research_activity_Id, financial_Source_Id, financial_Budget, financial_Budget_Type_Id) values (17, 24, 193, 3);
insert into financial_source_of_research_activity (research_activity_Id, financial_Source_Id, financial_Budget, financial_Budget_Type_Id) values (18, 11, 469, 2);
insert into financial_source_of_research_activity (research_activity_Id, financial_Source_Id, financial_Budget, financial_Budget_Type_Id) values (19, 28, 3079, 3);
insert into financial_source_of_research_activity (research_activity_Id, financial_Source_Id, financial_Budget, financial_Budget_Type_Id) values (20, 25, 931, 1);
insert into financial_source_of_research_activity (research_activity_Id, financial_Source_Id, financial_Budget, financial_Budget_Type_Id) values (21, 28, 1511, 3);
insert into financial_source_of_research_activity (research_activity_Id, financial_Source_Id, financial_Budget, financial_Budget_Type_Id) values (22, 26, 2113, 3);
insert into financial_source_of_research_activity (research_activity_Id, financial_Source_Id, financial_Budget, financial_Budget_Type_Id) values (23, 9, 797, 2);
insert into financial_source_of_research_activity (research_activity_Id, financial_Source_Id, financial_Budget, financial_Budget_Type_Id) values (24, 1, 2387, 1);
insert into financial_source_of_research_activity (research_activity_Id, financial_Source_Id, financial_Budget, financial_Budget_Type_Id) values (25, 24, 4592, 3);
insert into financial_source_of_research_activity (research_activity_Id, financial_Source_Id, financial_Budget, financial_Budget_Type_Id) values (26, 27, 1687, 3);
insert into financial_source_of_research_activity (research_activity_Id, financial_Source_Id, financial_Budget, financial_Budget_Type_Id) values (27, 11, 2123, 1);
insert into financial_source_of_research_activity (research_activity_Id, financial_Source_Id, financial_Budget, financial_Budget_Type_Id) values (28, 14, 1447, 3);
insert into financial_source_of_research_activity (research_activity_Id, financial_Source_Id, financial_Budget, financial_Budget_Type_Id) values (29, 25, 1115, 1);
insert into financial_source_of_research_activity (research_activity_Id, financial_Source_Id, financial_Budget, financial_Budget_Type_Id) values (30, 4, 449, 1);
insert into financial_source_of_research_activity (research_activity_Id, financial_Source_Id, financial_Budget, financial_Budget_Type_Id) values (31, 3, 3233, 2);
insert into financial_source_of_research_activity (research_activity_Id, financial_Source_Id, financial_Budget, financial_Budget_Type_Id) values (32, 26, 162, 3);
insert into financial_source_of_research_activity (research_activity_Id, financial_Source_Id, financial_Budget, financial_Budget_Type_Id) values (33, 18, 2724, 1);
insert into financial_source_of_research_activity (research_activity_Id, financial_Source_Id, financial_Budget, financial_Budget_Type_Id) values (34, 18, 1563, 1);
insert into financial_source_of_research_activity (research_activity_Id, financial_Source_Id, financial_Budget, financial_Budget_Type_Id) values (35, 28, 778, 3);
insert into financial_source_of_research_activity (research_activity_Id, financial_Source_Id, financial_Budget, financial_Budget_Type_Id) values (36, 22, 2052, 2);
insert into financial_source_of_research_activity (research_activity_Id, financial_Source_Id, financial_Budget, financial_Budget_Type_Id) values (37, 19, 4787, 1);
insert into financial_source_of_research_activity (research_activity_Id, financial_Source_Id, financial_Budget, financial_Budget_Type_Id) values (38, 1, 1765, 2);
insert into financial_source_of_research_activity (research_activity_Id, financial_Source_Id, financial_Budget, financial_Budget_Type_Id) values (39, 20, 1743, 2);
insert into financial_source_of_research_activity (research_activity_Id, financial_Source_Id, financial_Budget, financial_Budget_Type_Id) values (40, 16, 2954, 1);
insert into financial_source_of_research_activity (research_activity_Id, financial_Source_Id, financial_Budget, financial_Budget_Type_Id) values (41, 22, 2015, 1);
insert into financial_source_of_research_activity (research_activity_Id, financial_Source_Id, financial_Budget, financial_Budget_Type_Id) values (42, 28, 927, 3);
insert into financial_source_of_research_activity (research_activity_Id, financial_Source_Id, financial_Budget, financial_Budget_Type_Id) values (43, 29, 2058, 3);
insert into financial_source_of_research_activity (research_activity_Id, financial_Source_Id, financial_Budget, financial_Budget_Type_Id) values (44, 22, 1352, 2);
insert into financial_source_of_research_activity (research_activity_Id, financial_Source_Id, financial_Budget, financial_Budget_Type_Id) values (45, 29, 2766, 1);
insert into financial_source_of_research_activity (research_activity_Id, financial_Source_Id, financial_Budget, financial_Budget_Type_Id) values (46, 29, 430, 3);
insert into financial_source_of_research_activity (research_activity_Id, financial_Source_Id, financial_Budget, financial_Budget_Type_Id) values (47, 24, 3228, 1);
insert into financial_source_of_research_activity (research_activity_Id, financial_Source_Id, financial_Budget, financial_Budget_Type_Id) values (48, 8, 4471, 1);
insert into financial_source_of_research_activity (research_activity_Id, financial_Source_Id, financial_Budget, financial_Budget_Type_Id) values (49, 25, 3260, 1);
insert into financial_source_of_research_activity (research_activity_Id, financial_Source_Id, financial_Budget, financial_Budget_Type_Id) values (50, 30, 1171, 3);
insert into financial_source_of_research_activity (research_activity_Id, financial_Source_Id, financial_Budget, financial_Budget_Type_Id) values (51, 28, 4295, 1);
insert into financial_source_of_research_activity (research_activity_Id, financial_Source_Id, financial_Budget, financial_Budget_Type_Id) values (52, 7, 1011, 2);
insert into financial_source_of_research_activity (research_activity_Id, financial_Source_Id, financial_Budget, financial_Budget_Type_Id) values (53, 29, 489, 1);
insert into financial_source_of_research_activity (research_activity_Id, financial_Source_Id, financial_Budget, financial_Budget_Type_Id) values (54, 22, 4361, 1);
insert into financial_source_of_research_activity (research_activity_Id, financial_Source_Id, financial_Budget, financial_Budget_Type_Id) values (55, 1, 1117, 2);
insert into financial_source_of_research_activity (research_activity_Id, financial_Source_Id, financial_Budget, financial_Budget_Type_Id) values (56, 24, 2796, 2);
insert into financial_source_of_research_activity (research_activity_Id, financial_Source_Id, financial_Budget, financial_Budget_Type_Id) values (57, 12, 3117, 3);
insert into financial_source_of_research_activity (research_activity_Id, financial_Source_Id, financial_Budget, financial_Budget_Type_Id) values (58, 12, 3475, 3);
insert into financial_source_of_research_activity (research_activity_Id, financial_Source_Id, financial_Budget, financial_Budget_Type_Id) values (59, 16, 3319, 3);
insert into financial_source_of_research_activity (research_activity_Id, financial_Source_Id, financial_Budget, financial_Budget_Type_Id) values (60, 30, 3442, 2);
insert into financial_source_of_research_activity (research_activity_Id, financial_Source_Id, financial_Budget, financial_Budget_Type_Id) values (61, 14, 1952, 1);
insert into financial_source_of_research_activity (research_activity_Id, financial_Source_Id, financial_Budget, financial_Budget_Type_Id) values (62, 6, 2591, 2);
insert into financial_source_of_research_activity (research_activity_Id, financial_Source_Id, financial_Budget, financial_Budget_Type_Id) values (63, 10, 4091, 1);
insert into financial_source_of_research_activity (research_activity_Id, financial_Source_Id, financial_Budget, financial_Budget_Type_Id) values (64, 18, 3910, 1);
insert into financial_source_of_research_activity (research_activity_Id, financial_Source_Id, financial_Budget, financial_Budget_Type_Id) values (65, 28, 2510, 1);
insert into financial_source_of_research_activity (research_activity_Id, financial_Source_Id, financial_Budget, financial_Budget_Type_Id) values (66, 29, 3917, 2);
insert into financial_source_of_research_activity (research_activity_Id, financial_Source_Id, financial_Budget, financial_Budget_Type_Id) values (67, 23, 4085, 2);
insert into financial_source_of_research_activity (research_activity_Id, financial_Source_Id, financial_Budget, financial_Budget_Type_Id) values (68, 5, 4310, 2);
insert into financial_source_of_research_activity (research_activity_Id, financial_Source_Id, financial_Budget, financial_Budget_Type_Id) values (69, 21, 4527, 2);
insert into financial_source_of_research_activity (research_activity_Id, financial_Source_Id, financial_Budget, financial_Budget_Type_Id) values (70, 1, 3161, 2);
insert into financial_source_of_research_activity (research_activity_Id, financial_Source_Id, financial_Budget, financial_Budget_Type_Id) values (71, 18, 3967, 2);
insert into financial_source_of_research_activity (research_activity_Id, financial_Source_Id, financial_Budget, financial_Budget_Type_Id) values (72, 16, 4121, 2);
insert into financial_source_of_research_activity (research_activity_Id, financial_Source_Id, financial_Budget, financial_Budget_Type_Id) values (73, 20, 2896, 1);
insert into financial_source_of_research_activity (research_activity_Id, financial_Source_Id, financial_Budget, financial_Budget_Type_Id) values (74, 22, 256, 3);
insert into financial_source_of_research_activity (research_activity_Id, financial_Source_Id, financial_Budget, financial_Budget_Type_Id) values (75, 2, 3881, 1);
insert into financial_source_of_research_activity (research_activity_Id, financial_Source_Id, financial_Budget, financial_Budget_Type_Id) values (76, 24, 466, 1);
insert into financial_source_of_research_activity (research_activity_Id, financial_Source_Id, financial_Budget, financial_Budget_Type_Id) values (77, 5, 472, 3);
insert into financial_source_of_research_activity (research_activity_Id, financial_Source_Id, financial_Budget, financial_Budget_Type_Id) values (78, 2, 2178, 3);
insert into financial_source_of_research_activity (research_activity_Id, financial_Source_Id, financial_Budget, financial_Budget_Type_Id) values (79, 21, 2785, 2);
insert into financial_source_of_research_activity (research_activity_Id, financial_Source_Id, financial_Budget, financial_Budget_Type_Id) values (80, 22, 2642, 1);
insert into financial_source_of_research_activity (research_activity_Id, financial_Source_Id, financial_Budget, financial_Budget_Type_Id) values (81, 27, 4124, 1);
insert into financial_source_of_research_activity (research_activity_Id, financial_Source_Id, financial_Budget, financial_Budget_Type_Id) values (82, 24, 985, 3);
insert into financial_source_of_research_activity (research_activity_Id, financial_Source_Id, financial_Budget, financial_Budget_Type_Id) values (83, 14, 2729, 1);
insert into financial_source_of_research_activity (research_activity_Id, financial_Source_Id, financial_Budget, financial_Budget_Type_Id) values (84, 24, 4760, 1);
insert into financial_source_of_research_activity (research_activity_Id, financial_Source_Id, financial_Budget, financial_Budget_Type_Id) values (85, 11, 4727, 3);
insert into financial_source_of_research_activity (research_activity_Id, financial_Source_Id, financial_Budget, financial_Budget_Type_Id) values (86, 15, 480, 1);
insert into financial_source_of_research_activity (research_activity_Id, financial_Source_Id, financial_Budget, financial_Budget_Type_Id) values (87, 11, 1983, 1);
insert into financial_source_of_research_activity (research_activity_Id, financial_Source_Id, financial_Budget, financial_Budget_Type_Id) values (88, 28, 875, 1);
insert into financial_source_of_research_activity (research_activity_Id, financial_Source_Id, financial_Budget, financial_Budget_Type_Id) values (89, 19, 166, 3);
insert into financial_source_of_research_activity (research_activity_Id, financial_Source_Id, financial_Budget, financial_Budget_Type_Id) values (90, 1, 1595, 3);
insert into financial_source_of_research_activity (research_activity_Id, financial_Source_Id, financial_Budget, financial_Budget_Type_Id) values (91, 26, 710, 2);
insert into financial_source_of_research_activity (research_activity_Id, financial_Source_Id, financial_Budget, financial_Budget_Type_Id) values (92, 7, 3363, 1);
insert into financial_source_of_research_activity (research_activity_Id, financial_Source_Id, financial_Budget, financial_Budget_Type_Id) values (93, 17, 1516, 1);
insert into financial_source_of_research_activity (research_activity_Id, financial_Source_Id, financial_Budget, financial_Budget_Type_Id) values (94, 25, 4763, 1);
insert into financial_source_of_research_activity (research_activity_Id, financial_Source_Id, financial_Budget, financial_Budget_Type_Id) values (95, 17, 2560, 2);
insert into financial_source_of_research_activity (research_activity_Id, financial_Source_Id, financial_Budget, financial_Budget_Type_Id) values (96, 11, 278, 2);
insert into financial_source_of_research_activity (research_activity_Id, financial_Source_Id, financial_Budget, financial_Budget_Type_Id) values (97, 11, 1733, 1);
insert into financial_source_of_research_activity (research_activity_Id, financial_Source_Id, financial_Budget, financial_Budget_Type_Id) values (98, 1, 1059, 3);
insert into financial_source_of_research_activity (research_activity_Id, financial_Source_Id, financial_Budget, financial_Budget_Type_Id) values (99, 10, 3655, 3);
insert into financial_source_of_research_activity (research_activity_Id, financial_Source_Id, financial_Budget, financial_Budget_Type_Id) values (100, 30, 3374, 1);
insert into financial_source_of_research_activity (research_activity_Id, financial_Source_Id, financial_Budget, financial_Budget_Type_Id) values (101, 8, 2453, 1);
insert into financial_source_of_research_activity (research_activity_Id, financial_Source_Id, financial_Budget, financial_Budget_Type_Id) values (102, 30, 432, 2);
insert into financial_source_of_research_activity (research_activity_Id, financial_Source_Id, financial_Budget, financial_Budget_Type_Id) values (103, 6, 769, 3);
insert into financial_source_of_research_activity (research_activity_Id, financial_Source_Id, financial_Budget, financial_Budget_Type_Id) values (104, 21, 1961, 3);
insert into financial_source_of_research_activity (research_activity_Id, financial_Source_Id, financial_Budget, financial_Budget_Type_Id) values (105, 8, 793, 2);
insert into financial_source_of_research_activity (research_activity_Id, financial_Source_Id, financial_Budget, financial_Budget_Type_Id) values (106, 7, 4606, 1);
insert into financial_source_of_research_activity (research_activity_Id, financial_Source_Id, financial_Budget, financial_Budget_Type_Id) values (107, 27, 2069, 3);
insert into financial_source_of_research_activity (research_activity_Id, financial_Source_Id, financial_Budget, financial_Budget_Type_Id) values (108, 12, 1860, 2);
insert into financial_source_of_research_activity (research_activity_Id, financial_Source_Id, financial_Budget, financial_Budget_Type_Id) values (109, 10, 4063, 2);
insert into financial_source_of_research_activity (research_activity_Id, financial_Source_Id, financial_Budget, financial_Budget_Type_Id) values (110, 28, 297, 1);
insert into financial_source_of_research_activity (research_activity_Id, financial_Source_Id, financial_Budget, financial_Budget_Type_Id) values (111, 15, 4982, 1);
insert into financial_source_of_research_activity (research_activity_Id, financial_Source_Id, financial_Budget, financial_Budget_Type_Id) values (112, 3, 3158, 3);
insert into financial_source_of_research_activity (research_activity_Id, financial_Source_Id, financial_Budget, financial_Budget_Type_Id) values (113, 7, 3307, 1);
insert into financial_source_of_research_activity (research_activity_Id, financial_Source_Id, financial_Budget, financial_Budget_Type_Id) values (114, 3, 2447, 1);
insert into financial_source_of_research_activity (research_activity_Id, financial_Source_Id, financial_Budget, financial_Budget_Type_Id) values (115, 9, 3913, 3);
insert into financial_source_of_research_activity (research_activity_Id, financial_Source_Id, financial_Budget, financial_Budget_Type_Id) values (116, 8, 3923, 1);
insert into financial_source_of_research_activity (research_activity_Id, financial_Source_Id, financial_Budget, financial_Budget_Type_Id) values (117, 29, 1835, 3);
insert into financial_source_of_research_activity (research_activity_Id, financial_Source_Id, financial_Budget, financial_Budget_Type_Id) values (118, 24, 3874, 1);
insert into financial_source_of_research_activity (research_activity_Id, financial_Source_Id, financial_Budget, financial_Budget_Type_Id) values (119, 14, 4396, 2);
insert into financial_source_of_research_activity (research_activity_Id, financial_Source_Id, financial_Budget, financial_Budget_Type_Id) values (120, 14, 1684, 3);
insert into financial_source_of_research_activity (research_activity_Id, financial_Source_Id, financial_Budget, financial_Budget_Type_Id) values (121, 18, 3780, 3);
insert into financial_source_of_research_activity (research_activity_Id, financial_Source_Id, financial_Budget, financial_Budget_Type_Id) values (122, 18, 4236, 2);
insert into financial_source_of_research_activity (research_activity_Id, financial_Source_Id, financial_Budget, financial_Budget_Type_Id) values (123, 25, 1054, 1);
insert into financial_source_of_research_activity (research_activity_Id, financial_Source_Id, financial_Budget, financial_Budget_Type_Id) values (124, 10, 4208, 1);
insert into financial_source_of_research_activity (research_activity_Id, financial_Source_Id, financial_Budget, financial_Budget_Type_Id) values (125, 1, 3159, 1);
insert into financial_source_of_research_activity (research_activity_Id, financial_Source_Id, financial_Budget, financial_Budget_Type_Id) values (126, 5, 1632, 3);
insert into financial_source_of_research_activity (research_activity_Id, financial_Source_Id, financial_Budget, financial_Budget_Type_Id) values (127, 20, 1835, 2);
insert into financial_source_of_research_activity (research_activity_Id, financial_Source_Id, financial_Budget, financial_Budget_Type_Id) values (128, 7, 4856, 2);
insert into financial_source_of_research_activity (research_activity_Id, financial_Source_Id, financial_Budget, financial_Budget_Type_Id) values (129, 15, 152, 2);
insert into financial_source_of_research_activity (research_activity_Id, financial_Source_Id, financial_Budget, financial_Budget_Type_Id) values (130, 6, 3309, 2);
insert into financial_source_of_research_activity (research_activity_Id, financial_Source_Id, financial_Budget, financial_Budget_Type_Id) values (131, 14, 2590, 2);
insert into financial_source_of_research_activity (research_activity_Id, financial_Source_Id, financial_Budget, financial_Budget_Type_Id) values (132, 11, 4031, 2);
insert into financial_source_of_research_activity (research_activity_Id, financial_Source_Id, financial_Budget, financial_Budget_Type_Id) values (133, 21, 1582, 2);
insert into financial_source_of_research_activity (research_activity_Id, financial_Source_Id, financial_Budget, financial_Budget_Type_Id) values (134, 21, 3284, 2);
insert into financial_source_of_research_activity (research_activity_Id, financial_Source_Id, financial_Budget, financial_Budget_Type_Id) values (135, 26, 2397, 1);
insert into financial_source_of_research_activity (research_activity_Id, financial_Source_Id, financial_Budget, financial_Budget_Type_Id) values (136, 6, 3803, 3);
insert into financial_source_of_research_activity (research_activity_Id, financial_Source_Id, financial_Budget, financial_Budget_Type_Id) values (137, 7, 1112, 1);
insert into financial_source_of_research_activity (research_activity_Id, financial_Source_Id, financial_Budget, financial_Budget_Type_Id) values (138, 4, 4116, 2);
insert into financial_source_of_research_activity (research_activity_Id, financial_Source_Id, financial_Budget, financial_Budget_Type_Id) values (139, 11, 1761, 3);
insert into financial_source_of_research_activity (research_activity_Id, financial_Source_Id, financial_Budget, financial_Budget_Type_Id) values (140, 23, 2683, 1);
insert into financial_source_of_research_activity (research_activity_Id, financial_Source_Id, financial_Budget, financial_Budget_Type_Id) values (141, 6, 1209, 1);
insert into financial_source_of_research_activity (research_activity_Id, financial_Source_Id, financial_Budget, financial_Budget_Type_Id) values (142, 10, 1204, 1);
insert into financial_source_of_research_activity (research_activity_Id, financial_Source_Id, financial_Budget, financial_Budget_Type_Id) values (143, 22, 2622, 2);
insert into financial_source_of_research_activity (research_activity_Id, financial_Source_Id, financial_Budget, financial_Budget_Type_Id) values (144, 20, 3843, 2);
insert into financial_source_of_research_activity (research_activity_Id, financial_Source_Id, financial_Budget, financial_Budget_Type_Id) values (145, 16, 221, 3);
insert into financial_source_of_research_activity (research_activity_Id, financial_Source_Id, financial_Budget, financial_Budget_Type_Id) values (146, 21, 4636, 2);
insert into financial_source_of_research_activity (research_activity_Id, financial_Source_Id, financial_Budget, financial_Budget_Type_Id) values (147, 25, 4689, 2);
insert into financial_source_of_research_activity (research_activity_Id, financial_Source_Id, financial_Budget, financial_Budget_Type_Id) values (148, 24, 3137, 1);
insert into financial_source_of_research_activity (research_activity_Id, financial_Source_Id, financial_Budget, financial_Budget_Type_Id) values (149, 15, 4677, 2);
insert into financial_source_of_research_activity (research_activity_Id, financial_Source_Id, financial_Budget, financial_Budget_Type_Id) values (150, 11, 1376, 1);
insert into financial_source_of_research_activity (research_activity_Id, financial_Source_Id, financial_Budget, financial_Budget_Type_Id) values (1, 6, 912, 1);
insert into financial_source_of_research_activity (research_activity_Id, financial_Source_Id, financial_Budget, financial_Budget_Type_Id) values (2, 17, 3170, 3);
insert into financial_source_of_research_activity (research_activity_Id, financial_Source_Id, financial_Budget, financial_Budget_Type_Id) values (3, 11, 2795, 1);
insert into financial_source_of_research_activity (research_activity_Id, financial_Source_Id, financial_Budget, financial_Budget_Type_Id) values (4, 29, 2911, 3);
insert into financial_source_of_research_activity (research_activity_Id, financial_Source_Id, financial_Budget, financial_Budget_Type_Id) values (5, 3, 2639, 2);
insert into financial_source_of_research_activity (research_activity_Id, financial_Source_Id, financial_Budget, financial_Budget_Type_Id) values (6, 19, 1987, 2);
insert into financial_source_of_research_activity (research_activity_Id, financial_Source_Id, financial_Budget, financial_Budget_Type_Id) values (7, 16, 1230, 3);
insert into financial_source_of_research_activity (research_activity_Id, financial_Source_Id, financial_Budget, financial_Budget_Type_Id) values (8, 20, 184, 1);
insert into financial_source_of_research_activity (research_activity_Id, financial_Source_Id, financial_Budget, financial_Budget_Type_Id) values (9, 13, 3819, 1);
insert into financial_source_of_research_activity (research_activity_Id, financial_Source_Id, financial_Budget, financial_Budget_Type_Id) values (10, 16, 318, 3);
insert into financial_source_of_research_activity (research_activity_Id, financial_Source_Id, financial_Budget, financial_Budget_Type_Id) values (11, 8, 371, 1);
insert into financial_source_of_research_activity (research_activity_Id, financial_Source_Id, financial_Budget, financial_Budget_Type_Id) values (12, 7, 2357, 2);
insert into financial_source_of_research_activity (research_activity_Id, financial_Source_Id, financial_Budget, financial_Budget_Type_Id) values (13, 21, 1473, 2);
insert into financial_source_of_research_activity (research_activity_Id, financial_Source_Id, financial_Budget, financial_Budget_Type_Id) values (14, 26, 579, 3);
insert into financial_source_of_research_activity (research_activity_Id, financial_Source_Id, financial_Budget, financial_Budget_Type_Id) values (15, 1, 2693, 3);
insert into financial_source_of_research_activity (research_activity_Id, financial_Source_Id, financial_Budget, financial_Budget_Type_Id) values (16, 14, 3652, 3);
insert into financial_source_of_research_activity (research_activity_Id, financial_Source_Id, financial_Budget, financial_Budget_Type_Id) values (17, 14, 4051, 1);
insert into financial_source_of_research_activity (research_activity_Id, financial_Source_Id, financial_Budget, financial_Budget_Type_Id) values (18, 8, 4276, 2);
insert into financial_source_of_research_activity (research_activity_Id, financial_Source_Id, financial_Budget, financial_Budget_Type_Id) values (19, 30, 740, 3);
insert into financial_source_of_research_activity (research_activity_Id, financial_Source_Id, financial_Budget, financial_Budget_Type_Id) values (20, 30, 748, 2);
insert into financial_source_of_research_activity (research_activity_Id, financial_Source_Id, financial_Budget, financial_Budget_Type_Id) values (21, 26, 870, 3);
insert into financial_source_of_research_activity (research_activity_Id, financial_Source_Id, financial_Budget, financial_Budget_Type_Id) values (22, 3, 1717, 3);
insert into financial_source_of_research_activity (research_activity_Id, financial_Source_Id, financial_Budget, financial_Budget_Type_Id) values (23, 3, 2405, 3);
insert into financial_source_of_research_activity (research_activity_Id, financial_Source_Id, financial_Budget, financial_Budget_Type_Id) values (24, 2, 4302, 2);
insert into financial_source_of_research_activity (research_activity_Id, financial_Source_Id, financial_Budget, financial_Budget_Type_Id) values (25, 18, 4946, 3);
insert into financial_source_of_research_activity (research_activity_Id, financial_Source_Id, financial_Budget, financial_Budget_Type_Id) values (26, 13, 4027, 3);
insert into financial_source_of_research_activity (research_activity_Id, financial_Source_Id, financial_Budget, financial_Budget_Type_Id) values (27, 17, 4911, 1);
insert into financial_source_of_research_activity (research_activity_Id, financial_Source_Id, financial_Budget, financial_Budget_Type_Id) values (28, 8, 4963, 2);
insert into financial_source_of_research_activity (research_activity_Id, financial_Source_Id, financial_Budget, financial_Budget_Type_Id) values (29, 18, 3187, 3);
insert into financial_source_of_research_activity (research_activity_Id, financial_Source_Id, financial_Budget, financial_Budget_Type_Id) values (30, 21, 2485, 2);
insert into financial_source_of_research_activity (research_activity_Id, financial_Source_Id, financial_Budget, financial_Budget_Type_Id) values (31, 19, 2598, 3);
insert into financial_source_of_research_activity (research_activity_Id, financial_Source_Id, financial_Budget, financial_Budget_Type_Id) values (32, 5, 4162, 3);
insert into financial_source_of_research_activity (research_activity_Id, financial_Source_Id, financial_Budget, financial_Budget_Type_Id) values (33, 4, 4286, 2);
insert into financial_source_of_research_activity (research_activity_Id, financial_Source_Id, financial_Budget, financial_Budget_Type_Id) values (34, 14, 1175, 2);
insert into financial_source_of_research_activity (research_activity_Id, financial_Source_Id, financial_Budget, financial_Budget_Type_Id) values (35, 18, 3940, 3);
insert into financial_source_of_research_activity (research_activity_Id, financial_Source_Id, financial_Budget, financial_Budget_Type_Id) values (36, 18, 360, 3);
insert into financial_source_of_research_activity (research_activity_Id, financial_Source_Id, financial_Budget, financial_Budget_Type_Id) values (37, 29, 3222, 1);
insert into financial_source_of_research_activity (research_activity_Id, financial_Source_Id, financial_Budget, financial_Budget_Type_Id) values (38, 22, 3663, 2);
insert into financial_source_of_research_activity (research_activity_Id, financial_Source_Id, financial_Budget, financial_Budget_Type_Id) values (39, 26, 2693, 2);
insert into financial_source_of_research_activity (research_activity_Id, financial_Source_Id, financial_Budget, financial_Budget_Type_Id) values (40, 19, 1428, 3);
insert into financial_source_of_research_activity (research_activity_Id, financial_Source_Id, financial_Budget, financial_Budget_Type_Id) values (41, 14, 3339, 1);
insert into financial_source_of_research_activity (research_activity_Id, financial_Source_Id, financial_Budget, financial_Budget_Type_Id) values (42, 26, 139, 1);
insert into financial_source_of_research_activity (research_activity_Id, financial_Source_Id, financial_Budget, financial_Budget_Type_Id) values (43, 1, 767, 3);
insert into financial_source_of_research_activity (research_activity_Id, financial_Source_Id, financial_Budget, financial_Budget_Type_Id) values (44, 13, 4842, 1);
insert into financial_source_of_research_activity (research_activity_Id, financial_Source_Id, financial_Budget, financial_Budget_Type_Id) values (45, 15, 3777, 2);
insert into financial_source_of_research_activity (research_activity_Id, financial_Source_Id, financial_Budget, financial_Budget_Type_Id) values (46, 20, 4722, 3);
insert into financial_source_of_research_activity (research_activity_Id, financial_Source_Id, financial_Budget, financial_Budget_Type_Id) values (47, 23, 689, 2);
insert into financial_source_of_research_activity (research_activity_Id, financial_Source_Id, financial_Budget, financial_Budget_Type_Id) values (48, 20, 785, 1);
insert into financial_source_of_research_activity (research_activity_Id, financial_Source_Id, financial_Budget, financial_Budget_Type_Id) values (49, 24, 1074, 3);
insert into financial_source_of_research_activity (research_activity_Id, financial_Source_Id, financial_Budget, financial_Budget_Type_Id) values (50, 23, 130, 1);

insert into supporter_of_research_activity (supporter_Id, research_activity_Id) values (11, 1);
insert into supporter_of_research_activity (supporter_Id, research_activity_Id) values (2, 2);
insert into supporter_of_research_activity (supporter_Id, research_activity_Id) values (12, 3);
insert into supporter_of_research_activity (supporter_Id, research_activity_Id) values (9, 4);
insert into supporter_of_research_activity (supporter_Id, research_activity_Id) values (4, 5);
insert into supporter_of_research_activity (supporter_Id, research_activity_Id) values (8, 6);
insert into supporter_of_research_activity (supporter_Id, research_activity_Id) values (4, 7);
insert into supporter_of_research_activity (supporter_Id, research_activity_Id) values (4, 8);
insert into supporter_of_research_activity (supporter_Id, research_activity_Id) values (14, 9);
insert into supporter_of_research_activity (supporter_Id, research_activity_Id) values (15, 10);
insert into supporter_of_research_activity (supporter_Id, research_activity_Id) values (13, 11);
insert into supporter_of_research_activity (supporter_Id, research_activity_Id) values (18, 12);
insert into supporter_of_research_activity (supporter_Id, research_activity_Id) values (4, 13);
insert into supporter_of_research_activity (supporter_Id, research_activity_Id) values (20, 14);
insert into supporter_of_research_activity (supporter_Id, research_activity_Id) values (3, 15);
insert into supporter_of_research_activity (supporter_Id, research_activity_Id) values (14, 16);
insert into supporter_of_research_activity (supporter_Id, research_activity_Id) values (7, 17);
insert into supporter_of_research_activity (supporter_Id, research_activity_Id) values (12, 18);
insert into supporter_of_research_activity (supporter_Id, research_activity_Id) values (14, 19);
insert into supporter_of_research_activity (supporter_Id, research_activity_Id) values (11, 20);
insert into supporter_of_research_activity (supporter_Id, research_activity_Id) values (2, 21);
insert into supporter_of_research_activity (supporter_Id, research_activity_Id) values (20, 22);
insert into supporter_of_research_activity (supporter_Id, research_activity_Id) values (3, 23);
insert into supporter_of_research_activity (supporter_Id, research_activity_Id) values (1, 24);
insert into supporter_of_research_activity (supporter_Id, research_activity_Id) values (11, 25);
insert into supporter_of_research_activity (supporter_Id, research_activity_Id) values (7, 26);
insert into supporter_of_research_activity (supporter_Id, research_activity_Id) values (14, 27);
insert into supporter_of_research_activity (supporter_Id, research_activity_Id) values (2, 28);
insert into supporter_of_research_activity (supporter_Id, research_activity_Id) values (16, 29);
insert into supporter_of_research_activity (supporter_Id, research_activity_Id) values (17, 30);
insert into supporter_of_research_activity (supporter_Id, research_activity_Id) values (8, 31);
insert into supporter_of_research_activity (supporter_Id, research_activity_Id) values (10, 32);
insert into supporter_of_research_activity (supporter_Id, research_activity_Id) values (15, 33);
insert into supporter_of_research_activity (supporter_Id, research_activity_Id) values (19, 34);
insert into supporter_of_research_activity (supporter_Id, research_activity_Id) values (20, 35);
insert into supporter_of_research_activity (supporter_Id, research_activity_Id) values (10, 36);
insert into supporter_of_research_activity (supporter_Id, research_activity_Id) values (11, 37);
insert into supporter_of_research_activity (supporter_Id, research_activity_Id) values (3, 38);
insert into supporter_of_research_activity (supporter_Id, research_activity_Id) values (15, 39);
insert into supporter_of_research_activity (supporter_Id, research_activity_Id) values (1, 40);
insert into supporter_of_research_activity (supporter_Id, research_activity_Id) values (19, 41);
insert into supporter_of_research_activity (supporter_Id, research_activity_Id) values (7, 42);
insert into supporter_of_research_activity (supporter_Id, research_activity_Id) values (2, 43);
insert into supporter_of_research_activity (supporter_Id, research_activity_Id) values (11, 44);
insert into supporter_of_research_activity (supporter_Id, research_activity_Id) values (4, 45);
insert into supporter_of_research_activity (supporter_Id, research_activity_Id) values (12, 46);
insert into supporter_of_research_activity (supporter_Id, research_activity_Id) values (17, 47);
insert into supporter_of_research_activity (supporter_Id, research_activity_Id) values (19, 48);
insert into supporter_of_research_activity (supporter_Id, research_activity_Id) values (20, 49);
insert into supporter_of_research_activity (supporter_Id, research_activity_Id) values (4, 50);
insert into supporter_of_research_activity (supporter_Id, research_activity_Id) values (4, 51);
insert into supporter_of_research_activity (supporter_Id, research_activity_Id) values (14, 52);
insert into supporter_of_research_activity (supporter_Id, research_activity_Id) values (13, 53);
insert into supporter_of_research_activity (supporter_Id, research_activity_Id) values (7, 54);
insert into supporter_of_research_activity (supporter_Id, research_activity_Id) values (6, 55);
insert into supporter_of_research_activity (supporter_Id, research_activity_Id) values (10, 56);
insert into supporter_of_research_activity (supporter_Id, research_activity_Id) values (11, 57);
insert into supporter_of_research_activity (supporter_Id, research_activity_Id) values (11, 58);
insert into supporter_of_research_activity (supporter_Id, research_activity_Id) values (13, 59);
insert into supporter_of_research_activity (supporter_Id, research_activity_Id) values (14, 60);
insert into supporter_of_research_activity (supporter_Id, research_activity_Id) values (4, 61);
insert into supporter_of_research_activity (supporter_Id, research_activity_Id) values (3, 62);
insert into supporter_of_research_activity (supporter_Id, research_activity_Id) values (5, 63);
insert into supporter_of_research_activity (supporter_Id, research_activity_Id) values (10, 64);
insert into supporter_of_research_activity (supporter_Id, research_activity_Id) values (6, 65);
insert into supporter_of_research_activity (supporter_Id, research_activity_Id) values (14, 66);
insert into supporter_of_research_activity (supporter_Id, research_activity_Id) values (1, 67);
insert into supporter_of_research_activity (supporter_Id, research_activity_Id) values (15, 68);
insert into supporter_of_research_activity (supporter_Id, research_activity_Id) values (10, 69);
insert into supporter_of_research_activity (supporter_Id, research_activity_Id) values (20, 70);
insert into supporter_of_research_activity (supporter_Id, research_activity_Id) values (10, 71);
insert into supporter_of_research_activity (supporter_Id, research_activity_Id) values (5, 72);
insert into supporter_of_research_activity (supporter_Id, research_activity_Id) values (1, 73);
insert into supporter_of_research_activity (supporter_Id, research_activity_Id) values (5, 74);
insert into supporter_of_research_activity (supporter_Id, research_activity_Id) values (12, 75);
insert into supporter_of_research_activity (supporter_Id, research_activity_Id) values (19, 76);
insert into supporter_of_research_activity (supporter_Id, research_activity_Id) values (7, 77);
insert into supporter_of_research_activity (supporter_Id, research_activity_Id) values (19, 78);
insert into supporter_of_research_activity (supporter_Id, research_activity_Id) values (4, 79);
insert into supporter_of_research_activity (supporter_Id, research_activity_Id) values (6, 80);
insert into supporter_of_research_activity (supporter_Id, research_activity_Id) values (6, 81);
insert into supporter_of_research_activity (supporter_Id, research_activity_Id) values (6, 82);
insert into supporter_of_research_activity (supporter_Id, research_activity_Id) values (7, 83);
insert into supporter_of_research_activity (supporter_Id, research_activity_Id) values (5, 84);
insert into supporter_of_research_activity (supporter_Id, research_activity_Id) values (12, 85);
insert into supporter_of_research_activity (supporter_Id, research_activity_Id) values (4, 86);
insert into supporter_of_research_activity (supporter_Id, research_activity_Id) values (9, 87);
insert into supporter_of_research_activity (supporter_Id, research_activity_Id) values (17, 88);
insert into supporter_of_research_activity (supporter_Id, research_activity_Id) values (7, 89);
insert into supporter_of_research_activity (supporter_Id, research_activity_Id) values (3, 90);
insert into supporter_of_research_activity (supporter_Id, research_activity_Id) values (19, 91);
insert into supporter_of_research_activity (supporter_Id, research_activity_Id) values (18, 92);
insert into supporter_of_research_activity (supporter_Id, research_activity_Id) values (10, 93);
insert into supporter_of_research_activity (supporter_Id, research_activity_Id) values (7, 94);
insert into supporter_of_research_activity (supporter_Id, research_activity_Id) values (19, 95);
insert into supporter_of_research_activity (supporter_Id, research_activity_Id) values (18, 96);
insert into supporter_of_research_activity (supporter_Id, research_activity_Id) values (15, 97);
insert into supporter_of_research_activity (supporter_Id, research_activity_Id) values (11, 98);
insert into supporter_of_research_activity (supporter_Id, research_activity_Id) values (1, 99);
insert into supporter_of_research_activity (supporter_Id, research_activity_Id) values (3, 100);
insert into supporter_of_research_activity (supporter_Id, research_activity_Id) values (14, 101);
insert into supporter_of_research_activity (supporter_Id, research_activity_Id) values (13, 102);
insert into supporter_of_research_activity (supporter_Id, research_activity_Id) values (20, 103);
insert into supporter_of_research_activity (supporter_Id, research_activity_Id) values (13, 104);
insert into supporter_of_research_activity (supporter_Id, research_activity_Id) values (4, 105);
insert into supporter_of_research_activity (supporter_Id, research_activity_Id) values (18, 106);
insert into supporter_of_research_activity (supporter_Id, research_activity_Id) values (14, 107);
insert into supporter_of_research_activity (supporter_Id, research_activity_Id) values (14, 108);
insert into supporter_of_research_activity (supporter_Id, research_activity_Id) values (11, 109);
insert into supporter_of_research_activity (supporter_Id, research_activity_Id) values (16, 110);
insert into supporter_of_research_activity (supporter_Id, research_activity_Id) values (3, 111);
insert into supporter_of_research_activity (supporter_Id, research_activity_Id) values (15, 112);
insert into supporter_of_research_activity (supporter_Id, research_activity_Id) values (4, 113);
insert into supporter_of_research_activity (supporter_Id, research_activity_Id) values (6, 114);
insert into supporter_of_research_activity (supporter_Id, research_activity_Id) values (19, 115);
insert into supporter_of_research_activity (supporter_Id, research_activity_Id) values (3, 116);
insert into supporter_of_research_activity (supporter_Id, research_activity_Id) values (5, 117);
insert into supporter_of_research_activity (supporter_Id, research_activity_Id) values (4, 118);
insert into supporter_of_research_activity (supporter_Id, research_activity_Id) values (13, 119);
insert into supporter_of_research_activity (supporter_Id, research_activity_Id) values (10, 120);
insert into supporter_of_research_activity (supporter_Id, research_activity_Id) values (16, 121);
insert into supporter_of_research_activity (supporter_Id, research_activity_Id) values (13, 122);
insert into supporter_of_research_activity (supporter_Id, research_activity_Id) values (12, 123);
insert into supporter_of_research_activity (supporter_Id, research_activity_Id) values (6, 124);
insert into supporter_of_research_activity (supporter_Id, research_activity_Id) values (20, 125);
insert into supporter_of_research_activity (supporter_Id, research_activity_Id) values (6, 126);
insert into supporter_of_research_activity (supporter_Id, research_activity_Id) values (5, 127);
insert into supporter_of_research_activity (supporter_Id, research_activity_Id) values (14, 128);
insert into supporter_of_research_activity (supporter_Id, research_activity_Id) values (3, 129);
insert into supporter_of_research_activity (supporter_Id, research_activity_Id) values (4, 130);
insert into supporter_of_research_activity (supporter_Id, research_activity_Id) values (18, 131);
insert into supporter_of_research_activity (supporter_Id, research_activity_Id) values (9, 132);
insert into supporter_of_research_activity (supporter_Id, research_activity_Id) values (14, 133);
insert into supporter_of_research_activity (supporter_Id, research_activity_Id) values (8, 134);
insert into supporter_of_research_activity (supporter_Id, research_activity_Id) values (9, 135);
insert into supporter_of_research_activity (supporter_Id, research_activity_Id) values (2, 136);
insert into supporter_of_research_activity (supporter_Id, research_activity_Id) values (4, 137);
insert into supporter_of_research_activity (supporter_Id, research_activity_Id) values (19, 138);
insert into supporter_of_research_activity (supporter_Id, research_activity_Id) values (20, 139);
insert into supporter_of_research_activity (supporter_Id, research_activity_Id) values (17, 140);
insert into supporter_of_research_activity (supporter_Id, research_activity_Id) values (14, 141);
insert into supporter_of_research_activity (supporter_Id, research_activity_Id) values (17, 142);
insert into supporter_of_research_activity (supporter_Id, research_activity_Id) values (2, 143);
insert into supporter_of_research_activity (supporter_Id, research_activity_Id) values (11, 144);
insert into supporter_of_research_activity (supporter_Id, research_activity_Id) values (10, 145);
insert into supporter_of_research_activity (supporter_Id, research_activity_Id) values (5, 146);
insert into supporter_of_research_activity (supporter_Id, research_activity_Id) values (11, 147);
insert into supporter_of_research_activity (supporter_Id, research_activity_Id) values (6, 148);
insert into supporter_of_research_activity (supporter_Id, research_activity_Id) values (6, 149);
insert into supporter_of_research_activity (supporter_Id, research_activity_Id) values (6, 150);
insert into supporter_of_research_activity (supporter_Id, research_activity_Id) values (15, 1);
insert into supporter_of_research_activity (supporter_Id, research_activity_Id) values (12, 2);
insert into supporter_of_research_activity (supporter_Id, research_activity_Id) values (8, 3);
insert into supporter_of_research_activity (supporter_Id, research_activity_Id) values (5, 4);
insert into supporter_of_research_activity (supporter_Id, research_activity_Id) values (8, 5);
insert into supporter_of_research_activity (supporter_Id, research_activity_Id) values (8, 6);
insert into supporter_of_research_activity (supporter_Id, research_activity_Id) values (2, 7);
insert into supporter_of_research_activity (supporter_Id, research_activity_Id) values (5, 8);
insert into supporter_of_research_activity (supporter_Id, research_activity_Id) values (15, 9);
insert into supporter_of_research_activity (supporter_Id, research_activity_Id) values (8, 10);
insert into supporter_of_research_activity (supporter_Id, research_activity_Id) values (13, 11);
insert into supporter_of_research_activity (supporter_Id, research_activity_Id) values (12, 12);
insert into supporter_of_research_activity (supporter_Id, research_activity_Id) values (20, 13);
insert into supporter_of_research_activity (supporter_Id, research_activity_Id) values (3, 14);
insert into supporter_of_research_activity (supporter_Id, research_activity_Id) values (10, 15);
insert into supporter_of_research_activity (supporter_Id, research_activity_Id) values (5, 16);
insert into supporter_of_research_activity (supporter_Id, research_activity_Id) values (15, 17);
insert into supporter_of_research_activity (supporter_Id, research_activity_Id) values (15, 18);
insert into supporter_of_research_activity (supporter_Id, research_activity_Id) values (8, 19);
insert into supporter_of_research_activity (supporter_Id, research_activity_Id) values (2, 20);
insert into supporter_of_research_activity (supporter_Id, research_activity_Id) values (17, 21);
insert into supporter_of_research_activity (supporter_Id, research_activity_Id) values (15, 22);
insert into supporter_of_research_activity (supporter_Id, research_activity_Id) values (11, 23);
insert into supporter_of_research_activity (supporter_Id, research_activity_Id) values (14, 24);
insert into supporter_of_research_activity (supporter_Id, research_activity_Id) values (12, 25);
insert into supporter_of_research_activity (supporter_Id, research_activity_Id) values (4, 26);
insert into supporter_of_research_activity (supporter_Id, research_activity_Id) values (16, 27);
insert into supporter_of_research_activity (supporter_Id, research_activity_Id) values (4, 28);
insert into supporter_of_research_activity (supporter_Id, research_activity_Id) values (14, 29);
insert into supporter_of_research_activity (supporter_Id, research_activity_Id) values (8, 30);
insert into supporter_of_research_activity (supporter_Id, research_activity_Id) values (13, 31);
insert into supporter_of_research_activity (supporter_Id, research_activity_Id) values (12, 32);
insert into supporter_of_research_activity (supporter_Id, research_activity_Id) values (20, 33);
insert into supporter_of_research_activity (supporter_Id, research_activity_Id) values (16, 34);
insert into supporter_of_research_activity (supporter_Id, research_activity_Id) values (13, 35);
insert into supporter_of_research_activity (supporter_Id, research_activity_Id) values (11, 36);
insert into supporter_of_research_activity (supporter_Id, research_activity_Id) values (2, 37);
insert into supporter_of_research_activity (supporter_Id, research_activity_Id) values (9, 38);
insert into supporter_of_research_activity (supporter_Id, research_activity_Id) values (14, 39);
insert into supporter_of_research_activity (supporter_Id, research_activity_Id) values (14, 40);
insert into supporter_of_research_activity (supporter_Id, research_activity_Id) values (10, 41);
insert into supporter_of_research_activity (supporter_Id, research_activity_Id) values (6, 42);
insert into supporter_of_research_activity (supporter_Id, research_activity_Id) values (19, 43);
insert into supporter_of_research_activity (supporter_Id, research_activity_Id) values (14, 44);
insert into supporter_of_research_activity (supporter_Id, research_activity_Id) values (11, 45);
insert into supporter_of_research_activity (supporter_Id, research_activity_Id) values (16, 46);
insert into supporter_of_research_activity (supporter_Id, research_activity_Id) values (4, 47);
insert into supporter_of_research_activity (supporter_Id, research_activity_Id) values (9, 48);
insert into supporter_of_research_activity (supporter_Id, research_activity_Id) values (6, 49);
insert into supporter_of_research_activity (supporter_Id, research_activity_Id) values (12, 50);
insert into supporter_of_research_activity (supporter_Id, research_activity_Id) values (2, 51);
insert into supporter_of_research_activity (supporter_Id, research_activity_Id) values (1, 52);
insert into supporter_of_research_activity (supporter_Id, research_activity_Id) values (13, 53);
insert into supporter_of_research_activity (supporter_Id, research_activity_Id) values (19, 54);
insert into supporter_of_research_activity (supporter_Id, research_activity_Id) values (14, 55);
insert into supporter_of_research_activity (supporter_Id, research_activity_Id) values (6, 56);
insert into supporter_of_research_activity (supporter_Id, research_activity_Id) values (4, 57);
insert into supporter_of_research_activity (supporter_Id, research_activity_Id) values (13, 58);
insert into supporter_of_research_activity (supporter_Id, research_activity_Id) values (8, 59);
insert into supporter_of_research_activity (supporter_Id, research_activity_Id) values (9, 60);
insert into supporter_of_research_activity (supporter_Id, research_activity_Id) values (16, 61);
insert into supporter_of_research_activity (supporter_Id, research_activity_Id) values (18, 62);
insert into supporter_of_research_activity (supporter_Id, research_activity_Id) values (11, 63);
insert into supporter_of_research_activity (supporter_Id, research_activity_Id) values (18, 64);
insert into supporter_of_research_activity (supporter_Id, research_activity_Id) values (19, 65);
insert into supporter_of_research_activity (supporter_Id, research_activity_Id) values (9, 66);
insert into supporter_of_research_activity (supporter_Id, research_activity_Id) values (13, 67);
insert into supporter_of_research_activity (supporter_Id, research_activity_Id) values (9, 68);
insert into supporter_of_research_activity (supporter_Id, research_activity_Id) values (4, 69);
insert into supporter_of_research_activity (supporter_Id, research_activity_Id) values (12, 70);
insert into supporter_of_research_activity (supporter_Id, research_activity_Id) values (5, 71);
insert into supporter_of_research_activity (supporter_Id, research_activity_Id) values (11, 72);
insert into supporter_of_research_activity (supporter_Id, research_activity_Id) values (13, 73);
insert into supporter_of_research_activity (supporter_Id, research_activity_Id) values (14, 74);
insert into supporter_of_research_activity (supporter_Id, research_activity_Id) values (12, 75);
insert into supporter_of_research_activity (supporter_Id, research_activity_Id) values (12, 76);
insert into supporter_of_research_activity (supporter_Id, research_activity_Id) values (10, 77);
insert into supporter_of_research_activity (supporter_Id, research_activity_Id) values (3, 78);
insert into supporter_of_research_activity (supporter_Id, research_activity_Id) values (4, 79);
insert into supporter_of_research_activity (supporter_Id, research_activity_Id) values (7, 80);
insert into supporter_of_research_activity (supporter_Id, research_activity_Id) values (1, 81);
insert into supporter_of_research_activity (supporter_Id, research_activity_Id) values (2, 82);
insert into supporter_of_research_activity (supporter_Id, research_activity_Id) values (14, 83);
insert into supporter_of_research_activity (supporter_Id, research_activity_Id) values (5, 84);
insert into supporter_of_research_activity (supporter_Id, research_activity_Id) values (18, 85);
insert into supporter_of_research_activity (supporter_Id, research_activity_Id) values (17, 86);
insert into supporter_of_research_activity (supporter_Id, research_activity_Id) values (18, 87);
insert into supporter_of_research_activity (supporter_Id, research_activity_Id) values (19, 88);
insert into supporter_of_research_activity (supporter_Id, research_activity_Id) values (1, 89);
insert into supporter_of_research_activity (supporter_Id, research_activity_Id) values (7, 90);
insert into supporter_of_research_activity (supporter_Id, research_activity_Id) values (16, 91);
insert into supporter_of_research_activity (supporter_Id, research_activity_Id) values (2, 92);
insert into supporter_of_research_activity (supporter_Id, research_activity_Id) values (20, 93);
insert into supporter_of_research_activity (supporter_Id, research_activity_Id) values (14, 94);
insert into supporter_of_research_activity (supporter_Id, research_activity_Id) values (8, 95);
insert into supporter_of_research_activity (supporter_Id, research_activity_Id) values (19, 96);
insert into supporter_of_research_activity (supporter_Id, research_activity_Id) values (16, 97);
insert into supporter_of_research_activity (supporter_Id, research_activity_Id) values (11, 98);
insert into supporter_of_research_activity (supporter_Id, research_activity_Id) values (17, 99);
insert into supporter_of_research_activity (supporter_Id, research_activity_Id) values (8, 100);
insert into supporter_of_research_activity (supporter_Id, research_activity_Id) values (13, 101);
insert into supporter_of_research_activity (supporter_Id, research_activity_Id) values (2, 102);
insert into supporter_of_research_activity (supporter_Id, research_activity_Id) values (2, 103);
insert into supporter_of_research_activity (supporter_Id, research_activity_Id) values (9, 104);
insert into supporter_of_research_activity (supporter_Id, research_activity_Id) values (12, 105);
insert into supporter_of_research_activity (supporter_Id, research_activity_Id) values (1, 106);
insert into supporter_of_research_activity (supporter_Id, research_activity_Id) values (13, 107);
insert into supporter_of_research_activity (supporter_Id, research_activity_Id) values (4, 108);
insert into supporter_of_research_activity (supporter_Id, research_activity_Id) values (4, 109);
insert into supporter_of_research_activity (supporter_Id, research_activity_Id) values (18, 110);
insert into supporter_of_research_activity (supporter_Id, research_activity_Id) values (20, 111);
insert into supporter_of_research_activity (supporter_Id, research_activity_Id) values (7, 112);
insert into supporter_of_research_activity (supporter_Id, research_activity_Id) values (2, 113);
insert into supporter_of_research_activity (supporter_Id, research_activity_Id) values (9, 114);
insert into supporter_of_research_activity (supporter_Id, research_activity_Id) values (18, 115);
insert into supporter_of_research_activity (supporter_Id, research_activity_Id) values (20, 116);
insert into supporter_of_research_activity (supporter_Id, research_activity_Id) values (13, 117);
insert into supporter_of_research_activity (supporter_Id, research_activity_Id) values (15, 118);
insert into supporter_of_research_activity (supporter_Id, research_activity_Id) values (18, 119);
insert into supporter_of_research_activity (supporter_Id, research_activity_Id) values (3, 120);
insert into supporter_of_research_activity (supporter_Id, research_activity_Id) values (8, 121);
insert into supporter_of_research_activity (supporter_Id, research_activity_Id) values (5, 122);
insert into supporter_of_research_activity (supporter_Id, research_activity_Id) values (10, 123);
insert into supporter_of_research_activity (supporter_Id, research_activity_Id) values (17, 124);
insert into supporter_of_research_activity (supporter_Id, research_activity_Id) values (4, 125);
insert into supporter_of_research_activity (supporter_Id, research_activity_Id) values (6, 126);
insert into supporter_of_research_activity (supporter_Id, research_activity_Id) values (17, 127);
insert into supporter_of_research_activity (supporter_Id, research_activity_Id) values (2, 128);
insert into supporter_of_research_activity (supporter_Id, research_activity_Id) values (10, 129);
insert into supporter_of_research_activity (supporter_Id, research_activity_Id) values (19, 130);
insert into supporter_of_research_activity (supporter_Id, research_activity_Id) values (1, 131);
insert into supporter_of_research_activity (supporter_Id, research_activity_Id) values (16, 132);
insert into supporter_of_research_activity (supporter_Id, research_activity_Id) values (12, 133);
insert into supporter_of_research_activity (supporter_Id, research_activity_Id) values (13, 134);
insert into supporter_of_research_activity (supporter_Id, research_activity_Id) values (10, 135);
insert into supporter_of_research_activity (supporter_Id, research_activity_Id) values (11, 136);
insert into supporter_of_research_activity (supporter_Id, research_activity_Id) values (2, 137);
insert into supporter_of_research_activity (supporter_Id, research_activity_Id) values (20, 138);
insert into supporter_of_research_activity (supporter_Id, research_activity_Id) values (6, 139);
insert into supporter_of_research_activity (supporter_Id, research_activity_Id) values (8, 140);
insert into supporter_of_research_activity (supporter_Id, research_activity_Id) values (20, 141);
insert into supporter_of_research_activity (supporter_Id, research_activity_Id) values (20, 142);
insert into supporter_of_research_activity (supporter_Id, research_activity_Id) values (14, 143);
insert into supporter_of_research_activity (supporter_Id, research_activity_Id) values (20, 144);
insert into supporter_of_research_activity (supporter_Id, research_activity_Id) values (7, 145);
insert into supporter_of_research_activity (supporter_Id, research_activity_Id) values (7, 146);
insert into supporter_of_research_activity (supporter_Id, research_activity_Id) values (18, 147);
insert into supporter_of_research_activity (supporter_Id, research_activity_Id) values (8, 148);
insert into supporter_of_research_activity (supporter_Id, research_activity_Id) values (20, 149);
insert into supporter_of_research_activity (supporter_Id, research_activity_Id) values (18, 150);

insert into department_of_institute_research_activity (research_activity_Id, department_of_institute_id) values (1, 46);
insert into department_of_institute_research_activity (research_activity_Id, department_of_institute_id) values (2, 31);
insert into department_of_institute_research_activity (research_activity_Id, department_of_institute_id) values (3, 10);
insert into department_of_institute_research_activity (research_activity_Id, department_of_institute_id) values (4, 3);
insert into department_of_institute_research_activity (research_activity_Id, department_of_institute_id) values (5, 39);
insert into department_of_institute_research_activity (research_activity_Id, department_of_institute_id) values (6, 25);
insert into department_of_institute_research_activity (research_activity_Id, department_of_institute_id) values (7, 12);
insert into department_of_institute_research_activity (research_activity_Id, department_of_institute_id) values (8, 9);
insert into department_of_institute_research_activity (research_activity_Id, department_of_institute_id) values (9, 17);
insert into department_of_institute_research_activity (research_activity_Id, department_of_institute_id) values (10, 12);
insert into department_of_institute_research_activity (research_activity_Id, department_of_institute_id) values (11, 18);
insert into department_of_institute_research_activity (research_activity_Id, department_of_institute_id) values (12, 42);
insert into department_of_institute_research_activity (research_activity_Id, department_of_institute_id) values (13, 16);
insert into department_of_institute_research_activity (research_activity_Id, department_of_institute_id) values (14, 32);
insert into department_of_institute_research_activity (research_activity_Id, department_of_institute_id) values (15, 30);
insert into department_of_institute_research_activity (research_activity_Id, department_of_institute_id) values (16, 39);
insert into department_of_institute_research_activity (research_activity_Id, department_of_institute_id) values (17, 5);
insert into department_of_institute_research_activity (research_activity_Id, department_of_institute_id) values (18, 39);
insert into department_of_institute_research_activity (research_activity_Id, department_of_institute_id) values (19, 32);
insert into department_of_institute_research_activity (research_activity_Id, department_of_institute_id) values (20, 9);
insert into department_of_institute_research_activity (research_activity_Id, department_of_institute_id) values (21, 28);
insert into department_of_institute_research_activity (research_activity_Id, department_of_institute_id) values (22, 43);
insert into department_of_institute_research_activity (research_activity_Id, department_of_institute_id) values (23, 25);
insert into department_of_institute_research_activity (research_activity_Id, department_of_institute_id) values (24, 28);
insert into department_of_institute_research_activity (research_activity_Id, department_of_institute_id) values (25, 40);
insert into department_of_institute_research_activity (research_activity_Id, department_of_institute_id) values (26, 23);
insert into department_of_institute_research_activity (research_activity_Id, department_of_institute_id) values (27, 35);
insert into department_of_institute_research_activity (research_activity_Id, department_of_institute_id) values (28, 42);
insert into department_of_institute_research_activity (research_activity_Id, department_of_institute_id) values (29, 7);
insert into department_of_institute_research_activity (research_activity_Id, department_of_institute_id) values (30, 10);
insert into department_of_institute_research_activity (research_activity_Id, department_of_institute_id) values (31, 47);
insert into department_of_institute_research_activity (research_activity_Id, department_of_institute_id) values (32, 43);
insert into department_of_institute_research_activity (research_activity_Id, department_of_institute_id) values (33, 13);
insert into department_of_institute_research_activity (research_activity_Id, department_of_institute_id) values (34, 47);
insert into department_of_institute_research_activity (research_activity_Id, department_of_institute_id) values (35, 12);
insert into department_of_institute_research_activity (research_activity_Id, department_of_institute_id) values (36, 38);
insert into department_of_institute_research_activity (research_activity_Id, department_of_institute_id) values (37, 35);
insert into department_of_institute_research_activity (research_activity_Id, department_of_institute_id) values (38, 24);
insert into department_of_institute_research_activity (research_activity_Id, department_of_institute_id) values (39, 17);
insert into department_of_institute_research_activity (research_activity_Id, department_of_institute_id) values (40, 16);
insert into department_of_institute_research_activity (research_activity_Id, department_of_institute_id) values (41, 22);
insert into department_of_institute_research_activity (research_activity_Id, department_of_institute_id) values (42, 6);
insert into department_of_institute_research_activity (research_activity_Id, department_of_institute_id) values (43, 13);
insert into department_of_institute_research_activity (research_activity_Id, department_of_institute_id) values (44, 19);
insert into department_of_institute_research_activity (research_activity_Id, department_of_institute_id) values (45, 45);
insert into department_of_institute_research_activity (research_activity_Id, department_of_institute_id) values (46, 3);
insert into department_of_institute_research_activity (research_activity_Id, department_of_institute_id) values (47, 38);
insert into department_of_institute_research_activity (research_activity_Id, department_of_institute_id) values (48, 1);
insert into department_of_institute_research_activity (research_activity_Id, department_of_institute_id) values (49, 8);
insert into department_of_institute_research_activity (research_activity_Id, department_of_institute_id) values (50, 44);
insert into department_of_institute_research_activity (research_activity_Id, department_of_institute_id) values (51, 2);
insert into department_of_institute_research_activity (research_activity_Id, department_of_institute_id) values (52, 33);
insert into department_of_institute_research_activity (research_activity_Id, department_of_institute_id) values (53, 18);
insert into department_of_institute_research_activity (research_activity_Id, department_of_institute_id) values (54, 17);
insert into department_of_institute_research_activity (research_activity_Id, department_of_institute_id) values (55, 5);
insert into department_of_institute_research_activity (research_activity_Id, department_of_institute_id) values (56, 13);
insert into department_of_institute_research_activity (research_activity_Id, department_of_institute_id) values (57, 50);
insert into department_of_institute_research_activity (research_activity_Id, department_of_institute_id) values (58, 46);
insert into department_of_institute_research_activity (research_activity_Id, department_of_institute_id) values (59, 49);
insert into department_of_institute_research_activity (research_activity_Id, department_of_institute_id) values (60, 44);
insert into department_of_institute_research_activity (research_activity_Id, department_of_institute_id) values (61, 31);
insert into department_of_institute_research_activity (research_activity_Id, department_of_institute_id) values (62, 4);
insert into department_of_institute_research_activity (research_activity_Id, department_of_institute_id) values (63, 20);
insert into department_of_institute_research_activity (research_activity_Id, department_of_institute_id) values (64, 21);
insert into department_of_institute_research_activity (research_activity_Id, department_of_institute_id) values (65, 17);
insert into department_of_institute_research_activity (research_activity_Id, department_of_institute_id) values (66, 16);
insert into department_of_institute_research_activity (research_activity_Id, department_of_institute_id) values (67, 21);
insert into department_of_institute_research_activity (research_activity_Id, department_of_institute_id) values (68, 26);
insert into department_of_institute_research_activity (research_activity_Id, department_of_institute_id) values (69, 13);
insert into department_of_institute_research_activity (research_activity_Id, department_of_institute_id) values (70, 28);
insert into department_of_institute_research_activity (research_activity_Id, department_of_institute_id) values (71, 18);
insert into department_of_institute_research_activity (research_activity_Id, department_of_institute_id) values (72, 50);
insert into department_of_institute_research_activity (research_activity_Id, department_of_institute_id) values (73, 37);
insert into department_of_institute_research_activity (research_activity_Id, department_of_institute_id) values (74, 33);
insert into department_of_institute_research_activity (research_activity_Id, department_of_institute_id) values (75, 37);
insert into department_of_institute_research_activity (research_activity_Id, department_of_institute_id) values (76, 39);
insert into department_of_institute_research_activity (research_activity_Id, department_of_institute_id) values (77, 39);
insert into department_of_institute_research_activity (research_activity_Id, department_of_institute_id) values (78, 20);
insert into department_of_institute_research_activity (research_activity_Id, department_of_institute_id) values (79, 38);
insert into department_of_institute_research_activity (research_activity_Id, department_of_institute_id) values (80, 26);
insert into department_of_institute_research_activity (research_activity_Id, department_of_institute_id) values (81, 38);
insert into department_of_institute_research_activity (research_activity_Id, department_of_institute_id) values (82, 28);
insert into department_of_institute_research_activity (research_activity_Id, department_of_institute_id) values (83, 47);
insert into department_of_institute_research_activity (research_activity_Id, department_of_institute_id) values (84, 45);
insert into department_of_institute_research_activity (research_activity_Id, department_of_institute_id) values (85, 23);
insert into department_of_institute_research_activity (research_activity_Id, department_of_institute_id) values (86, 16);
insert into department_of_institute_research_activity (research_activity_Id, department_of_institute_id) values (87, 30);
insert into department_of_institute_research_activity (research_activity_Id, department_of_institute_id) values (88, 33);
insert into department_of_institute_research_activity (research_activity_Id, department_of_institute_id) values (89, 26);
insert into department_of_institute_research_activity (research_activity_Id, department_of_institute_id) values (90, 3);
insert into department_of_institute_research_activity (research_activity_Id, department_of_institute_id) values (91, 46);
insert into department_of_institute_research_activity (research_activity_Id, department_of_institute_id) values (92, 28);
insert into department_of_institute_research_activity (research_activity_Id, department_of_institute_id) values (93, 12);
insert into department_of_institute_research_activity (research_activity_Id, department_of_institute_id) values (94, 40);
insert into department_of_institute_research_activity (research_activity_Id, department_of_institute_id) values (95, 16);
insert into department_of_institute_research_activity (research_activity_Id, department_of_institute_id) values (96, 16);
insert into department_of_institute_research_activity (research_activity_Id, department_of_institute_id) values (97, 1);
insert into department_of_institute_research_activity (research_activity_Id, department_of_institute_id) values (98, 4);
insert into department_of_institute_research_activity (research_activity_Id, department_of_institute_id) values (99, 18);
insert into department_of_institute_research_activity (research_activity_Id, department_of_institute_id) values (100, 23);
insert into department_of_institute_research_activity (research_activity_Id, department_of_institute_id) values (101, 6);
insert into department_of_institute_research_activity (research_activity_Id, department_of_institute_id) values (102, 31);
insert into department_of_institute_research_activity (research_activity_Id, department_of_institute_id) values (103, 13);
insert into department_of_institute_research_activity (research_activity_Id, department_of_institute_id) values (104, 3);
insert into department_of_institute_research_activity (research_activity_Id, department_of_institute_id) values (105, 1);
insert into department_of_institute_research_activity (research_activity_Id, department_of_institute_id) values (106, 20);
insert into department_of_institute_research_activity (research_activity_Id, department_of_institute_id) values (107, 11);
insert into department_of_institute_research_activity (research_activity_Id, department_of_institute_id) values (108, 5);
insert into department_of_institute_research_activity (research_activity_Id, department_of_institute_id) values (109, 11);
insert into department_of_institute_research_activity (research_activity_Id, department_of_institute_id) values (110, 45);
insert into department_of_institute_research_activity (research_activity_Id, department_of_institute_id) values (111, 1);
insert into department_of_institute_research_activity (research_activity_Id, department_of_institute_id) values (112, 40);
insert into department_of_institute_research_activity (research_activity_Id, department_of_institute_id) values (113, 47);
insert into department_of_institute_research_activity (research_activity_Id, department_of_institute_id) values (114, 35);
insert into department_of_institute_research_activity (research_activity_Id, department_of_institute_id) values (115, 43);
insert into department_of_institute_research_activity (research_activity_Id, department_of_institute_id) values (116, 1);
insert into department_of_institute_research_activity (research_activity_Id, department_of_institute_id) values (117, 16);
insert into department_of_institute_research_activity (research_activity_Id, department_of_institute_id) values (118, 5);
insert into department_of_institute_research_activity (research_activity_Id, department_of_institute_id) values (119, 36);
insert into department_of_institute_research_activity (research_activity_Id, department_of_institute_id) values (120, 32);
insert into department_of_institute_research_activity (research_activity_Id, department_of_institute_id) values (121, 11);
insert into department_of_institute_research_activity (research_activity_Id, department_of_institute_id) values (122, 31);
insert into department_of_institute_research_activity (research_activity_Id, department_of_institute_id) values (123, 39);
insert into department_of_institute_research_activity (research_activity_Id, department_of_institute_id) values (124, 44);
insert into department_of_institute_research_activity (research_activity_Id, department_of_institute_id) values (125, 1);
insert into department_of_institute_research_activity (research_activity_Id, department_of_institute_id) values (126, 44);
insert into department_of_institute_research_activity (research_activity_Id, department_of_institute_id) values (127, 47);
insert into department_of_institute_research_activity (research_activity_Id, department_of_institute_id) values (128, 10);
insert into department_of_institute_research_activity (research_activity_Id, department_of_institute_id) values (129, 1);
insert into department_of_institute_research_activity (research_activity_Id, department_of_institute_id) values (130, 36);
insert into department_of_institute_research_activity (research_activity_Id, department_of_institute_id) values (131, 17);
insert into department_of_institute_research_activity (research_activity_Id, department_of_institute_id) values (132, 19);
insert into department_of_institute_research_activity (research_activity_Id, department_of_institute_id) values (133, 49);
insert into department_of_institute_research_activity (research_activity_Id, department_of_institute_id) values (134, 15);
insert into department_of_institute_research_activity (research_activity_Id, department_of_institute_id) values (135, 45);
insert into department_of_institute_research_activity (research_activity_Id, department_of_institute_id) values (136, 15);
insert into department_of_institute_research_activity (research_activity_Id, department_of_institute_id) values (137, 18);
insert into department_of_institute_research_activity (research_activity_Id, department_of_institute_id) values (138, 20);
insert into department_of_institute_research_activity (research_activity_Id, department_of_institute_id) values (139, 49);
insert into department_of_institute_research_activity (research_activity_Id, department_of_institute_id) values (140, 9);
insert into department_of_institute_research_activity (research_activity_Id, department_of_institute_id) values (141, 42);
insert into department_of_institute_research_activity (research_activity_Id, department_of_institute_id) values (142, 26);
insert into department_of_institute_research_activity (research_activity_Id, department_of_institute_id) values (143, 1);
insert into department_of_institute_research_activity (research_activity_Id, department_of_institute_id) values (144, 21);
insert into department_of_institute_research_activity (research_activity_Id, department_of_institute_id) values (145, 6);
insert into department_of_institute_research_activity (research_activity_Id, department_of_institute_id) values (146, 17);
insert into department_of_institute_research_activity (research_activity_Id, department_of_institute_id) values (147, 18);
insert into department_of_institute_research_activity (research_activity_Id, department_of_institute_id) values (148, 16);
insert into department_of_institute_research_activity (research_activity_Id, department_of_institute_id) values (149, 39);
insert into department_of_institute_research_activity (research_activity_Id, department_of_institute_id) values (150, 11);
insert into department_of_institute_research_activity (research_activity_Id, department_of_institute_id) values (1, 24);
insert into department_of_institute_research_activity (research_activity_Id, department_of_institute_id) values (2, 43);
insert into department_of_institute_research_activity (research_activity_Id, department_of_institute_id) values (3, 16);
insert into department_of_institute_research_activity (research_activity_Id, department_of_institute_id) values (4, 1);
insert into department_of_institute_research_activity (research_activity_Id, department_of_institute_id) values (5, 35);
insert into department_of_institute_research_activity (research_activity_Id, department_of_institute_id) values (6, 31);
insert into department_of_institute_research_activity (research_activity_Id, department_of_institute_id) values (7, 43);
insert into department_of_institute_research_activity (research_activity_Id, department_of_institute_id) values (8, 28);
insert into department_of_institute_research_activity (research_activity_Id, department_of_institute_id) values (9, 50);
insert into department_of_institute_research_activity (research_activity_Id, department_of_institute_id) values (10, 21);
insert into department_of_institute_research_activity (research_activity_Id, department_of_institute_id) values (11, 27);
insert into department_of_institute_research_activity (research_activity_Id, department_of_institute_id) values (12, 35);
insert into department_of_institute_research_activity (research_activity_Id, department_of_institute_id) values (13, 18);
insert into department_of_institute_research_activity (research_activity_Id, department_of_institute_id) values (14, 13);
insert into department_of_institute_research_activity (research_activity_Id, department_of_institute_id) values (15, 5);
insert into department_of_institute_research_activity (research_activity_Id, department_of_institute_id) values (16, 25);
insert into department_of_institute_research_activity (research_activity_Id, department_of_institute_id) values (17, 3);
insert into department_of_institute_research_activity (research_activity_Id, department_of_institute_id) values (18, 32);
insert into department_of_institute_research_activity (research_activity_Id, department_of_institute_id) values (19, 18);
insert into department_of_institute_research_activity (research_activity_Id, department_of_institute_id) values (20, 45);
insert into department_of_institute_research_activity (research_activity_Id, department_of_institute_id) values (21, 5);
insert into department_of_institute_research_activity (research_activity_Id, department_of_institute_id) values (22, 10);
insert into department_of_institute_research_activity (research_activity_Id, department_of_institute_id) values (23, 50);
insert into department_of_institute_research_activity (research_activity_Id, department_of_institute_id) values (24, 2);
insert into department_of_institute_research_activity (research_activity_Id, department_of_institute_id) values (25, 41);
insert into department_of_institute_research_activity (research_activity_Id, department_of_institute_id) values (26, 26);
insert into department_of_institute_research_activity (research_activity_Id, department_of_institute_id) values (27, 41);
insert into department_of_institute_research_activity (research_activity_Id, department_of_institute_id) values (28, 16);
insert into department_of_institute_research_activity (research_activity_Id, department_of_institute_id) values (29, 46);
insert into department_of_institute_research_activity (research_activity_Id, department_of_institute_id) values (30, 40);
insert into department_of_institute_research_activity (research_activity_Id, department_of_institute_id) values (31, 30);
insert into department_of_institute_research_activity (research_activity_Id, department_of_institute_id) values (32, 31);
insert into department_of_institute_research_activity (research_activity_Id, department_of_institute_id) values (33, 42);
insert into department_of_institute_research_activity (research_activity_Id, department_of_institute_id) values (34, 33);
insert into department_of_institute_research_activity (research_activity_Id, department_of_institute_id) values (35, 31);
insert into department_of_institute_research_activity (research_activity_Id, department_of_institute_id) values (36, 32);
insert into department_of_institute_research_activity (research_activity_Id, department_of_institute_id) values (37, 38);
insert into department_of_institute_research_activity (research_activity_Id, department_of_institute_id) values (38, 2);
insert into department_of_institute_research_activity (research_activity_Id, department_of_institute_id) values (39, 4);
insert into department_of_institute_research_activity (research_activity_Id, department_of_institute_id) values (40, 19);
insert into department_of_institute_research_activity (research_activity_Id, department_of_institute_id) values (41, 5);
insert into department_of_institute_research_activity (research_activity_Id, department_of_institute_id) values (42, 38);
insert into department_of_institute_research_activity (research_activity_Id, department_of_institute_id) values (43, 36);
insert into department_of_institute_research_activity (research_activity_Id, department_of_institute_id) values (44, 22);
insert into department_of_institute_research_activity (research_activity_Id, department_of_institute_id) values (45, 2);
insert into department_of_institute_research_activity (research_activity_Id, department_of_institute_id) values (46, 6);
insert into department_of_institute_research_activity (research_activity_Id, department_of_institute_id) values (47, 4);
insert into department_of_institute_research_activity (research_activity_Id, department_of_institute_id) values (48, 23);
insert into department_of_institute_research_activity (research_activity_Id, department_of_institute_id) values (49, 26);
insert into department_of_institute_research_activity (research_activity_Id, department_of_institute_id) values (50, 7);
insert into department_of_institute_research_activity (research_activity_Id, department_of_institute_id) values (51, 40);
insert into department_of_institute_research_activity (research_activity_Id, department_of_institute_id) values (52, 39);
insert into department_of_institute_research_activity (research_activity_Id, department_of_institute_id) values (53, 47);
insert into department_of_institute_research_activity (research_activity_Id, department_of_institute_id) values (54, 45);
insert into department_of_institute_research_activity (research_activity_Id, department_of_institute_id) values (55, 47);
insert into department_of_institute_research_activity (research_activity_Id, department_of_institute_id) values (56, 3);
insert into department_of_institute_research_activity (research_activity_Id, department_of_institute_id) values (57, 50);
insert into department_of_institute_research_activity (research_activity_Id, department_of_institute_id) values (58, 45);
insert into department_of_institute_research_activity (research_activity_Id, department_of_institute_id) values (59, 15);
insert into department_of_institute_research_activity (research_activity_Id, department_of_institute_id) values (60, 24);
insert into department_of_institute_research_activity (research_activity_Id, department_of_institute_id) values (61, 5);
insert into department_of_institute_research_activity (research_activity_Id, department_of_institute_id) values (62, 22);
insert into department_of_institute_research_activity (research_activity_Id, department_of_institute_id) values (63, 12);
insert into department_of_institute_research_activity (research_activity_Id, department_of_institute_id) values (64, 16);
insert into department_of_institute_research_activity (research_activity_Id, department_of_institute_id) values (65, 19);
insert into department_of_institute_research_activity (research_activity_Id, department_of_institute_id) values (66, 18);
insert into department_of_institute_research_activity (research_activity_Id, department_of_institute_id) values (67, 37);
insert into department_of_institute_research_activity (research_activity_Id, department_of_institute_id) values (68, 15);
insert into department_of_institute_research_activity (research_activity_Id, department_of_institute_id) values (69, 23);
insert into department_of_institute_research_activity (research_activity_Id, department_of_institute_id) values (70, 1);
insert into department_of_institute_research_activity (research_activity_Id, department_of_institute_id) values (71, 43);
insert into department_of_institute_research_activity (research_activity_Id, department_of_institute_id) values (72, 36);
insert into department_of_institute_research_activity (research_activity_Id, department_of_institute_id) values (73, 38);
insert into department_of_institute_research_activity (research_activity_Id, department_of_institute_id) values (74, 22);
insert into department_of_institute_research_activity (research_activity_Id, department_of_institute_id) values (75, 41);
insert into department_of_institute_research_activity (research_activity_Id, department_of_institute_id) values (76, 39);
insert into department_of_institute_research_activity (research_activity_Id, department_of_institute_id) values (77, 44);
insert into department_of_institute_research_activity (research_activity_Id, department_of_institute_id) values (78, 2);
insert into department_of_institute_research_activity (research_activity_Id, department_of_institute_id) values (79, 22);
insert into department_of_institute_research_activity (research_activity_Id, department_of_institute_id) values (80, 41);
insert into department_of_institute_research_activity (research_activity_Id, department_of_institute_id) values (81, 34);
insert into department_of_institute_research_activity (research_activity_Id, department_of_institute_id) values (82, 10);
insert into department_of_institute_research_activity (research_activity_Id, department_of_institute_id) values (83, 45);
insert into department_of_institute_research_activity (research_activity_Id, department_of_institute_id) values (84, 20);
insert into department_of_institute_research_activity (research_activity_Id, department_of_institute_id) values (85, 42);
insert into department_of_institute_research_activity (research_activity_Id, department_of_institute_id) values (86, 35);
insert into department_of_institute_research_activity (research_activity_Id, department_of_institute_id) values (87, 48);
insert into department_of_institute_research_activity (research_activity_Id, department_of_institute_id) values (88, 12);
insert into department_of_institute_research_activity (research_activity_Id, department_of_institute_id) values (89, 47);
insert into department_of_institute_research_activity (research_activity_Id, department_of_institute_id) values (90, 33);
insert into department_of_institute_research_activity (research_activity_Id, department_of_institute_id) values (91, 49);
insert into department_of_institute_research_activity (research_activity_Id, department_of_institute_id) values (92, 4);
insert into department_of_institute_research_activity (research_activity_Id, department_of_institute_id) values (93, 6);
insert into department_of_institute_research_activity (research_activity_Id, department_of_institute_id) values (94, 8);
insert into department_of_institute_research_activity (research_activity_Id, department_of_institute_id) values (95, 36);
insert into department_of_institute_research_activity (research_activity_Id, department_of_institute_id) values (96, 7);
insert into department_of_institute_research_activity (research_activity_Id, department_of_institute_id) values (97, 9);
insert into department_of_institute_research_activity (research_activity_Id, department_of_institute_id) values (98, 43);
insert into department_of_institute_research_activity (research_activity_Id, department_of_institute_id) values (99, 19);
insert into department_of_institute_research_activity (research_activity_Id, department_of_institute_id) values (100, 34);
insert into department_of_institute_research_activity (research_activity_Id, department_of_institute_id) values (101, 2);
insert into department_of_institute_research_activity (research_activity_Id, department_of_institute_id) values (102, 5);
insert into department_of_institute_research_activity (research_activity_Id, department_of_institute_id) values (103, 11);
insert into department_of_institute_research_activity (research_activity_Id, department_of_institute_id) values (104, 33);
insert into department_of_institute_research_activity (research_activity_Id, department_of_institute_id) values (105, 32);
insert into department_of_institute_research_activity (research_activity_Id, department_of_institute_id) values (106, 26);
insert into department_of_institute_research_activity (research_activity_Id, department_of_institute_id) values (107, 14);
insert into department_of_institute_research_activity (research_activity_Id, department_of_institute_id) values (108, 13);
insert into department_of_institute_research_activity (research_activity_Id, department_of_institute_id) values (109, 10);
insert into department_of_institute_research_activity (research_activity_Id, department_of_institute_id) values (110, 30);
insert into department_of_institute_research_activity (research_activity_Id, department_of_institute_id) values (111, 4);
insert into department_of_institute_research_activity (research_activity_Id, department_of_institute_id) values (112, 23);
insert into department_of_institute_research_activity (research_activity_Id, department_of_institute_id) values (113, 41);
insert into department_of_institute_research_activity (research_activity_Id, department_of_institute_id) values (114, 18);
insert into department_of_institute_research_activity (research_activity_Id, department_of_institute_id) values (115, 36);
insert into department_of_institute_research_activity (research_activity_Id, department_of_institute_id) values (116, 28);
insert into department_of_institute_research_activity (research_activity_Id, department_of_institute_id) values (117, 13);
insert into department_of_institute_research_activity (research_activity_Id, department_of_institute_id) values (118, 18);
insert into department_of_institute_research_activity (research_activity_Id, department_of_institute_id) values (119, 26);
insert into department_of_institute_research_activity (research_activity_Id, department_of_institute_id) values (120, 21);
insert into department_of_institute_research_activity (research_activity_Id, department_of_institute_id) values (121, 33);
insert into department_of_institute_research_activity (research_activity_Id, department_of_institute_id) values (122, 16);
insert into department_of_institute_research_activity (research_activity_Id, department_of_institute_id) values (123, 28);
insert into department_of_institute_research_activity (research_activity_Id, department_of_institute_id) values (124, 40);
insert into department_of_institute_research_activity (research_activity_Id, department_of_institute_id) values (125, 13);
insert into department_of_institute_research_activity (research_activity_Id, department_of_institute_id) values (126, 44);
insert into department_of_institute_research_activity (research_activity_Id, department_of_institute_id) values (127, 44);
insert into department_of_institute_research_activity (research_activity_Id, department_of_institute_id) values (128, 36);
insert into department_of_institute_research_activity (research_activity_Id, department_of_institute_id) values (129, 6);
insert into department_of_institute_research_activity (research_activity_Id, department_of_institute_id) values (130, 10);
insert into department_of_institute_research_activity (research_activity_Id, department_of_institute_id) values (131, 1);
insert into department_of_institute_research_activity (research_activity_Id, department_of_institute_id) values (132, 45);
insert into department_of_institute_research_activity (research_activity_Id, department_of_institute_id) values (133, 42);
insert into department_of_institute_research_activity (research_activity_Id, department_of_institute_id) values (134, 34);
insert into department_of_institute_research_activity (research_activity_Id, department_of_institute_id) values (135, 42);
insert into department_of_institute_research_activity (research_activity_Id, department_of_institute_id) values (136, 20);
insert into department_of_institute_research_activity (research_activity_Id, department_of_institute_id) values (137, 31);
insert into department_of_institute_research_activity (research_activity_Id, department_of_institute_id) values (138, 10);
insert into department_of_institute_research_activity (research_activity_Id, department_of_institute_id) values (139, 34);
insert into department_of_institute_research_activity (research_activity_Id, department_of_institute_id) values (140, 20);
insert into department_of_institute_research_activity (research_activity_Id, department_of_institute_id) values (141, 46);
insert into department_of_institute_research_activity (research_activity_Id, department_of_institute_id) values (142, 2);
insert into department_of_institute_research_activity (research_activity_Id, department_of_institute_id) values (143, 32);
insert into department_of_institute_research_activity (research_activity_Id, department_of_institute_id) values (144, 23);
insert into department_of_institute_research_activity (research_activity_Id, department_of_institute_id) values (145, 39);
insert into department_of_institute_research_activity (research_activity_Id, department_of_institute_id) values (146, 36);
insert into department_of_institute_research_activity (research_activity_Id, department_of_institute_id) values (147, 26);
insert into department_of_institute_research_activity (research_activity_Id, department_of_institute_id) values (148, 41);
insert into department_of_institute_research_activity (research_activity_Id, department_of_institute_id) values (149, 28);
insert into department_of_institute_research_activity (research_activity_Id, department_of_institute_id) values (150, 13);


insert into agreement (wage, case_Payments, research_Equipment_Used, agreement_start_time, agreement_end_time, act, institute_Id, researcher_Id, research_activity_Id) values (1646, 714, 'EndNote', '2017-06-26', '2023-04-11', 'Grant Administrator', 8, 100, 1);
insert into agreement (wage, case_Payments, research_Equipment_Used, agreement_start_time, agreement_end_time, act, institute_Id, researcher_Id, research_activity_Id) values (1077, 250, 'Python', '2017-10-28', '2021-11-05', 'Research Coordinator', 5, 41, 2);
insert into agreement (wage, case_Payments, research_Equipment_Used, agreement_start_time, agreement_end_time, act, institute_Id, researcher_Id, research_activity_Id) values (1646, 714, 'EndNote', '2017-06-26', '2023-04-11', 'Grant Administrator', 8, 99, 1);
insert into agreement (wage, case_Payments, research_Equipment_Used, agreement_start_time, agreement_end_time, act, institute_Id, researcher_Id, research_activity_Id) values (1077, 250, 'Python', '2017-10-28', '2021-11-05', 'Research Coordinator', 5, 40, 2);
insert into agreement (wage, case_Payments, research_Equipment_Used, agreement_start_time, agreement_end_time, act, institute_Id, researcher_Id, research_activity_Id) values (240, 937, 'EndNote', '2017-08-22', '2022-09-08', 'Research Coordinator', 4, 72, 3);
insert into agreement (wage, case_Payments, research_Equipment_Used, agreement_start_time, agreement_end_time, act, institute_Id, researcher_Id, research_activity_Id) values (798, 254, 'EndNote', '2017-12-25', '2022-11-25', 'Research Advisor', 11, 8, 4);
insert into agreement (wage, case_Payments, research_Equipment_Used, agreement_start_time, agreement_end_time, act, institute_Id, researcher_Id, research_activity_Id) values (913, 382, 'Stata', '2020-03-29', '2020-10-29', 'Grant Administrator', 15, 93, 5);
insert into agreement (wage, case_Payments, research_Equipment_Used, agreement_start_time, agreement_end_time, act, institute_Id, researcher_Id, research_activity_Id) values (3553, 936, 'Excel', '2016-09-08', '2021-01-06', 'Research Ethics Committee Member', 7, 27, 6);
insert into agreement (wage, case_Payments, research_Equipment_Used, agreement_start_time, agreement_end_time, act, institute_Id, researcher_Id, research_activity_Id) values (219, 353, 'Google Forms', '2017-01-14', '2023-04-17', 'Data Analyst', 5, 63, 7);
insert into agreement (wage, case_Payments, research_Equipment_Used, agreement_start_time, agreement_end_time, act, institute_Id, researcher_Id, research_activity_Id) values (2115, 634, 'Python', '2019-02-14', '2021-12-17', 'Research Ethics Committee Member', 5, 98, 8);
insert into agreement (wage, case_Payments, research_Equipment_Used, agreement_start_time, agreement_end_time, act, institute_Id, researcher_Id, research_activity_Id) values (4642, 544, 'SPSS', '2019-09-10', '2020-09-30', 'Grant Administrator', 13, 21, 9);
insert into agreement (wage, case_Payments, research_Equipment_Used, agreement_start_time, agreement_end_time, act, institute_Id, researcher_Id, research_activity_Id) values (707, 677, 'Dedoose', '2019-04-09', '2021-02-19', 'Research Coordinator', 8, 63, 10);
insert into agreement (wage, case_Payments, research_Equipment_Used, agreement_start_time, agreement_end_time, act, institute_Id, researcher_Id, research_activity_Id) values (3023, 392, 'SurveyMonkey', '2020-01-16', '2020-10-20', 'Co-Investigators', 10, 67, 11);
insert into agreement (wage, case_Payments, research_Equipment_Used, agreement_start_time, agreement_end_time, act, institute_Id, researcher_Id, research_activity_Id) values (1400, 651, 'EndNote', '2018-03-02', '2022-09-26', 'Subject Matter Expert', 9, 27, 12);
insert into agreement (wage, case_Payments, research_Equipment_Used, agreement_start_time, agreement_end_time, act, institute_Id, researcher_Id, research_activity_Id) values (767, 805, 'Stata', '2019-12-19', '2021-05-28', 'Grant Administrator', 10, 74, 13);
insert into agreement (wage, case_Payments, research_Equipment_Used, agreement_start_time, agreement_end_time, act, institute_Id, researcher_Id, research_activity_Id) values (1317, 848, 'QDA Miner', '2018-09-09', '2021-11-19', 'Subject Matter Expert', 3, 34, 14);
insert into agreement (wage, case_Payments, research_Equipment_Used, agreement_start_time, agreement_end_time, act, institute_Id, researcher_Id, research_activity_Id) values (647, 895, 'Dedoose', '2017-08-05', '2022-05-12', 'Data Analyst', 8, 97, 15);
insert into agreement (wage, case_Payments, research_Equipment_Used, agreement_start_time, agreement_end_time, act, institute_Id, researcher_Id, research_activity_Id) values (4378, 505, 'MATLAB', '2017-08-17', '2021-02-06', 'Co-Investigators', 12, 1, 16);
insert into agreement (wage, case_Payments, research_Equipment_Used, agreement_start_time, agreement_end_time, act, institute_Id, researcher_Id, research_activity_Id) values (4378, 505, 'MATLAB', '2017-08-17', '2021-02-06', 'Co-Investigators', 12, 2, 16);
insert into agreement (wage, case_Payments, research_Equipment_Used, agreement_start_time, agreement_end_time, act, institute_Id, researcher_Id, research_activity_Id) values (4378, 505, 'MATLAB', '2017-08-17', '2021-02-06', 'Co-Investigators', 12, 1, 18);
insert into agreement (wage, case_Payments, research_Equipment_Used, agreement_start_time, agreement_end_time, act, institute_Id, researcher_Id, research_activity_Id) values (3261, 886, 'SurveyMonkey', '2019-02-15', '2022-03-22', 'Research Advisor', 3, 66, 17);
insert into agreement (wage, case_Payments, research_Equipment_Used, agreement_start_time, agreement_end_time, act, institute_Id, researcher_Id, research_activity_Id) values (3840, 702, 'EndNote', '2016-09-23', '2021-11-29', 'Co-Investigators', 3, 2, 18);
insert into agreement (wage, case_Payments, research_Equipment_Used, agreement_start_time, agreement_end_time, act, institute_Id, researcher_Id, research_activity_Id) values (3480, 339, 'R', '2020-03-25', '2021-09-19', 'Principal Investigator', 8, 67, 19);
insert into agreement (wage, case_Payments, research_Equipment_Used, agreement_start_time, agreement_end_time, act, institute_Id, researcher_Id, research_activity_Id) values (1543, 709, 'Nvivo', '2017-07-25', '2023-04-06', 'Subject Matter Expert', 2, 83, 20);
insert into agreement (wage, case_Payments, research_Equipment_Used, agreement_start_time, agreement_end_time, act, institute_Id, researcher_Id, research_activity_Id) values (4411, 748, 'Stata', '2019-12-07', '2023-05-19', 'Data Analyst', 7, 57, 21);
insert into agreement (wage, case_Payments, research_Equipment_Used, agreement_start_time, agreement_end_time, act, institute_Id, researcher_Id, research_activity_Id) values (3745, 166, 'Mendeley', '2019-06-12', '2020-11-29', 'Principal Investigator', 3, 10, 22);
insert into agreement (wage, case_Payments, research_Equipment_Used, agreement_start_time, agreement_end_time, act, institute_Id, researcher_Id, research_activity_Id) values (3655, 667, 'Atlas.ti', '2019-10-28', '2022-10-10', 'Research Assistants', 13, 89, 23);
insert into agreement (wage, case_Payments, research_Equipment_Used, agreement_start_time, agreement_end_time, act, institute_Id, researcher_Id, research_activity_Id) values (2030, 904, 'Tableau', '2016-12-28', '2020-12-30', 'Co-Investigators', 10, 18, 24);
insert into agreement (wage, case_Payments, research_Equipment_Used, agreement_start_time, agreement_end_time, act, institute_Id, researcher_Id, research_activity_Id) values (4112, 605, 'SPSS', '2020-03-26', '2021-03-23', 'Research Advisor', 2, 32, 25);
insert into agreement (wage, case_Payments, research_Equipment_Used, agreement_start_time, agreement_end_time, act, institute_Id, researcher_Id, research_activity_Id) values (3220, 820, 'SurveyMonkey', '2017-06-12', '2020-07-06', 'Research Ethics Committee Member', 3, 65, 26);
insert into agreement (wage, case_Payments, research_Equipment_Used, agreement_start_time, agreement_end_time, act, institute_Id, researcher_Id, research_activity_Id) values (2458, 975, 'Excel', '2019-04-22', '2022-07-13', 'Data Analyst', 5, 33, 27);
insert into agreement (wage, case_Payments, research_Equipment_Used, agreement_start_time, agreement_end_time, act, institute_Id, researcher_Id, research_activity_Id) values (1844, 579, 'Tableau', '2016-11-08', '2020-09-29', 'Research Advisor', 12, 73, 28);
insert into agreement (wage, case_Payments, research_Equipment_Used, agreement_start_time, agreement_end_time, act, institute_Id, researcher_Id, research_activity_Id) values (4554, 538, 'QDA Miner', '2016-10-22', '2022-09-19', 'Research Ethics Committee Member', 5, 70, 29);
insert into agreement (wage, case_Payments, research_Equipment_Used, agreement_start_time, agreement_end_time, act, institute_Id, researcher_Id, research_activity_Id) values (3721, 601, 'MAXQDA', '2018-03-11', '2022-03-20', 'Research Ethics Committee Member', 15, 41, 30);
insert into agreement (wage, case_Payments, research_Equipment_Used, agreement_start_time, agreement_end_time, act, institute_Id, researcher_Id, research_activity_Id) values (4816, 869, 'Zotero', '2019-12-21', '2021-10-08', 'Data Analyst', 2, 95, 31);
insert into agreement (wage, case_Payments, research_Equipment_Used, agreement_start_time, agreement_end_time, act, institute_Id, researcher_Id, research_activity_Id) values (757, 863, 'Python', '2018-06-19', '2021-04-18', 'Data Analyst', 1, 2, 32);
insert into agreement (wage, case_Payments, research_Equipment_Used, agreement_start_time, agreement_end_time, act, institute_Id, researcher_Id, research_activity_Id) values (2526, 206, 'Google Forms', '2019-04-01', '2022-11-01', 'Statistician', 7, 32, 33);
insert into agreement (wage, case_Payments, research_Equipment_Used, agreement_start_time, agreement_end_time, act, institute_Id, researcher_Id, research_activity_Id) values (1755, 581, 'Tableau', '2017-12-28', '2021-12-04', 'Research Assistants', 15, 99, 34);
insert into agreement (wage, case_Payments, research_Equipment_Used, agreement_start_time, agreement_end_time, act, institute_Id, researcher_Id, research_activity_Id) values (3581, 862, 'QDA Miner', '2020-03-02', '2021-08-12', 'Grant Administrator', 10, 42, 35);
insert into agreement (wage, case_Payments, research_Equipment_Used, agreement_start_time, agreement_end_time, act, institute_Id, researcher_Id, research_activity_Id) values (4448, 586, 'SurveyMonkey', '2018-02-23', '2022-07-28', 'Research Coordinator', 3, 68, 36);
insert into agreement (wage, case_Payments, research_Equipment_Used, agreement_start_time, agreement_end_time, act, institute_Id, researcher_Id, research_activity_Id) values (582, 945, 'Stata', '2017-07-16', '2022-02-13', 'Principal Investigator', 7, 11, 37);
insert into agreement (wage, case_Payments, research_Equipment_Used, agreement_start_time, agreement_end_time, act, institute_Id, researcher_Id, research_activity_Id) values (2609, 557, 'Python', '2019-05-14', '2022-08-08', 'Subject Matter Expert', 11, 33, 38);
insert into agreement (wage, case_Payments, research_Equipment_Used, agreement_start_time, agreement_end_time, act, institute_Id, researcher_Id, research_activity_Id) values (4524, 842, 'NVivo', '2019-04-21', '2021-08-15', 'Research Coordinator', 9, 7, 39);
insert into agreement (wage, case_Payments, research_Equipment_Used, agreement_start_time, agreement_end_time, act, institute_Id, researcher_Id, research_activity_Id) values (205, 898, 'SAS', '2016-08-23', '2021-05-16', 'Co-Investigators', 12, 58, 40);
insert into agreement (wage, case_Payments, research_Equipment_Used, agreement_start_time, agreement_end_time, act, institute_Id, researcher_Id, research_activity_Id) values (2345, 311, 'Excel', '2020-03-09', '2021-03-22', 'Research Advisor', 15, 83, 41);
insert into agreement (wage, case_Payments, research_Equipment_Used, agreement_start_time, agreement_end_time, act, institute_Id, researcher_Id, research_activity_Id) values (1925, 116, 'Tableau', '2018-05-24', '2022-06-03', 'Statistician', 14, 63, 42);
insert into agreement (wage, case_Payments, research_Equipment_Used, agreement_start_time, agreement_end_time, act, institute_Id, researcher_Id, research_activity_Id) values (3583, 606, 'Atlas.ti', '2018-02-18', '2023-05-17', 'Research Assistants', 1, 51, 43);
insert into agreement (wage, case_Payments, research_Equipment_Used, agreement_start_time, agreement_end_time, act, institute_Id, researcher_Id, research_activity_Id) values (2720, 900, 'Nvivo', '2019-10-11', '2022-03-01', 'Research Coordinator', 8, 98, 44);
insert into agreement (wage, case_Payments, research_Equipment_Used, agreement_start_time, agreement_end_time, act, institute_Id, researcher_Id, research_activity_Id) values (1238, 318, 'Python', '2018-10-29', '2021-04-17', 'Research Ethics Committee Member', 3, 39, 45);
insert into agreement (wage, case_Payments, research_Equipment_Used, agreement_start_time, agreement_end_time, act, institute_Id, researcher_Id, research_activity_Id) values (3861, 150, 'MATLAB', '2017-06-21', '2020-09-05', 'Grant Administrator', 13, 81, 46);
insert into agreement (wage, case_Payments, research_Equipment_Used, agreement_start_time, agreement_end_time, act, institute_Id, researcher_Id, research_activity_Id) values (3668, 528, 'Mendeley', '2017-10-02', '2023-01-07', 'Principal Investigator', 3, 30, 47);
insert into agreement (wage, case_Payments, research_Equipment_Used, agreement_start_time, agreement_end_time, act, institute_Id, researcher_Id, research_activity_Id) values (1944, 753, 'Mendeley', '2017-03-28', '2023-05-10', 'Co-Investigators', 8, 48, 48);
insert into agreement (wage, case_Payments, research_Equipment_Used, agreement_start_time, agreement_end_time, act, institute_Id, researcher_Id, research_activity_Id) values (3647, 963, 'Dedoose', '2020-01-10', '2021-09-27', 'Statistician', 5, 99, 49);
insert into agreement (wage, case_Payments, research_Equipment_Used, agreement_start_time, agreement_end_time, act, institute_Id, researcher_Id, research_activity_Id) values (1914, 488, 'SurveyMonkey', '2019-12-08', '2023-02-04', 'Research Assistants', 15, 28, 50);
insert into agreement (wage, case_Payments, research_Equipment_Used, agreement_start_time, agreement_end_time, act, institute_Id, researcher_Id, research_activity_Id) values (4167, 184, 'Mendeley', '2018-05-25', '2022-10-24', 'Co-Investigators', 4, 53, 51);
insert into agreement (wage, case_Payments, research_Equipment_Used, agreement_start_time, agreement_end_time, act, institute_Id, researcher_Id, research_activity_Id) values (1453, 751, 'Atlas.ti', '2017-12-27', '2020-06-18', 'Subject Matter Expert', 12, 52, 52);
insert into agreement (wage, case_Payments, research_Equipment_Used, agreement_start_time, agreement_end_time, act, institute_Id, researcher_Id, research_activity_Id) values (2485, 645, 'SurveyMonkey', '2019-02-22', '2020-09-01', 'Principal Investigator', 8, 97, 53);
insert into agreement (wage, case_Payments, research_Equipment_Used, agreement_start_time, agreement_end_time, act, institute_Id, researcher_Id, research_activity_Id) values (1320, 635, 'Stata', '2018-12-24', '2021-05-09', 'Grant Administrator', 8, 21, 54);
insert into agreement (wage, case_Payments, research_Equipment_Used, agreement_start_time, agreement_end_time, act, institute_Id, researcher_Id, research_activity_Id) values (1414, 768, 'Nvivo', '2017-12-19', '2021-05-05', 'Research Coordinator', 5, 74, 55);
insert into agreement (wage, case_Payments, research_Equipment_Used, agreement_start_time, agreement_end_time, act, institute_Id, researcher_Id, research_activity_Id) values (815, 795, 'NVivo', '2016-09-07', '2022-09-05', 'Subject Matter Expert', 13, 62, 56);
insert into agreement (wage, case_Payments, research_Equipment_Used, agreement_start_time, agreement_end_time, act, institute_Id, researcher_Id, research_activity_Id) values (375, 312, 'Google Forms', '2019-07-19', '2022-11-18', 'Data Analyst', 14, 45, 57);
insert into agreement (wage, case_Payments, research_Equipment_Used, agreement_start_time, agreement_end_time, act, institute_Id, researcher_Id, research_activity_Id) values (1660, 284, 'Nvivo', '2020-05-06', '2021-07-03', 'Research Coordinator', 5, 69, 58);
insert into agreement (wage, case_Payments, research_Equipment_Used, agreement_start_time, agreement_end_time, act, institute_Id, researcher_Id, research_activity_Id) values (1791, 838, 'Stata', '2020-03-09', '2022-08-25', 'Research Assistants', 13, 1, 59);
insert into agreement (wage, case_Payments, research_Equipment_Used, agreement_start_time, agreement_end_time, act, institute_Id, researcher_Id, research_activity_Id) values (920, 896, 'Qualtrics', '2019-05-09', '2020-08-27', 'Statistician', 12, 3, 60);
insert into agreement (wage, case_Payments, research_Equipment_Used, agreement_start_time, agreement_end_time, act, institute_Id, researcher_Id, research_activity_Id) values (2337, 913, 'Qualtrics', '2020-03-18', '2020-10-02', 'Research Assistants', 11, 82, 61);
insert into agreement (wage, case_Payments, research_Equipment_Used, agreement_start_time, agreement_end_time, act, institute_Id, researcher_Id, research_activity_Id) values (457, 890, 'Tableau', '2019-03-10', '2023-05-07', 'Principal Investigator', 3, 8, 62);
insert into agreement (wage, case_Payments, research_Equipment_Used, agreement_start_time, agreement_end_time, act, institute_Id, researcher_Id, research_activity_Id) values (3414, 976, 'SPSS', '2018-09-25', '2022-01-02', 'Grant Administrator', 6, 86, 63);
insert into agreement (wage, case_Payments, research_Equipment_Used, agreement_start_time, agreement_end_time, act, institute_Id, researcher_Id, research_activity_Id) values (4481, 220, 'Nvivo', '2019-11-22', '2023-02-05', 'Research Advisor', 12, 45, 64);
insert into agreement (wage, case_Payments, research_Equipment_Used, agreement_start_time, agreement_end_time, act, institute_Id, researcher_Id, research_activity_Id) values (2205, 892, 'Qualtrics', '2018-08-02', '2020-09-24', 'Statistician', 4, 59, 65);
insert into agreement (wage, case_Payments, research_Equipment_Used, agreement_start_time, agreement_end_time, act, institute_Id, researcher_Id, research_activity_Id) values (2679, 624, 'Excel', '2018-01-10', '2020-08-02', 'Data Analyst', 4, 5, 66);
insert into agreement (wage, case_Payments, research_Equipment_Used, agreement_start_time, agreement_end_time, act, institute_Id, researcher_Id, research_activity_Id) values (3796, 913, 'Zotero', '2016-06-23', '2021-11-25', 'Grant Administrator', 10, 1, 67);
insert into agreement (wage, case_Payments, research_Equipment_Used, agreement_start_time, agreement_end_time, act, institute_Id, researcher_Id, research_activity_Id) values (3549, 226, 'NVivo', '2019-01-22', '2023-03-12', 'Research Advisor', 3, 28, 68);
insert into agreement (wage, case_Payments, research_Equipment_Used, agreement_start_time, agreement_end_time, act, institute_Id, researcher_Id, research_activity_Id) values (683, 436, 'Mendeley', '2019-07-26', '2021-09-23', 'Research Coordinator', 10, 2, 69);
insert into agreement (wage, case_Payments, research_Equipment_Used, agreement_start_time, agreement_end_time, act, institute_Id, researcher_Id, research_activity_Id) values (2200, 511, 'Mendeley', '2016-08-09', '2021-10-04', 'Subject Matter Expert', 12, 63, 70);
insert into agreement (wage, case_Payments, research_Equipment_Used, agreement_start_time, agreement_end_time, act, institute_Id, researcher_Id, research_activity_Id) values (2150, 668, 'Qualtrics', '2018-01-31', '2022-07-08', 'Research Coordinator', 13, 34, 71);
insert into agreement (wage, case_Payments, research_Equipment_Used, agreement_start_time, agreement_end_time, act, institute_Id, researcher_Id, research_activity_Id) values (1700, 338, 'Nvivo', '2016-09-09', '2021-08-21', 'Principal Investigator', 4, 62, 72);
insert into agreement (wage, case_Payments, research_Equipment_Used, agreement_start_time, agreement_end_time, act, institute_Id, researcher_Id, research_activity_Id) values (1917, 284, 'Qualtrics', '2017-07-08', '2023-05-28', 'Data Analyst', 6, 97, 73);
insert into agreement (wage, case_Payments, research_Equipment_Used, agreement_start_time, agreement_end_time, act, institute_Id, researcher_Id, research_activity_Id) values (4994, 242, 'Zotero', '2016-09-22', '2021-05-10', 'Statistician', 8, 70, 74);
insert into agreement (wage, case_Payments, research_Equipment_Used, agreement_start_time, agreement_end_time, act, institute_Id, researcher_Id, research_activity_Id) values (2989, 411, 'SAS', '2017-05-19', '2023-03-13', 'Research Advisor', 13, 2, 75);
insert into agreement (wage, case_Payments, research_Equipment_Used, agreement_start_time, agreement_end_time, act, institute_Id, researcher_Id, research_activity_Id) values (2165, 475, 'Tableau', '2020-01-15', '2020-12-02', 'Research Advisor', 15, 30, 76);
insert into agreement (wage, case_Payments, research_Equipment_Used, agreement_start_time, agreement_end_time, act, institute_Id, researcher_Id, research_activity_Id) values (2805, 628, 'Atlas.ti', '2018-02-13', '2023-04-06', 'Statistician', 15, 43, 77);
insert into agreement (wage, case_Payments, research_Equipment_Used, agreement_start_time, agreement_end_time, act, institute_Id, researcher_Id, research_activity_Id) values (525, 965, 'MAXQDA', '2018-03-13', '2020-11-05', 'Research Coordinator', 7, 93, 78);
insert into agreement (wage, case_Payments, research_Equipment_Used, agreement_start_time, agreement_end_time, act, institute_Id, researcher_Id, research_activity_Id) values (431, 846, 'NVivo', '2018-11-21', '2020-08-05', 'Research Assistants', 10, 60, 79);
insert into agreement (wage, case_Payments, research_Equipment_Used, agreement_start_time, agreement_end_time, act, institute_Id, researcher_Id, research_activity_Id) values (1513, 312, 'SurveyMonkey', '2018-08-13', '2021-07-02', 'Research Ethics Committee Member', 15, 36, 80);
insert into agreement (wage, case_Payments, research_Equipment_Used, agreement_start_time, agreement_end_time, act, institute_Id, researcher_Id, research_activity_Id) values (728, 118, 'SPSS', '2018-08-04', '2022-01-31', 'Statistician', 15, 21, 81);
insert into agreement (wage, case_Payments, research_Equipment_Used, agreement_start_time, agreement_end_time, act, institute_Id, researcher_Id, research_activity_Id) values (941, 555, 'SPSS', '2016-06-04', '2023-04-19', 'Principal Investigator', 1, 68, 82);
insert into agreement (wage, case_Payments, research_Equipment_Used, agreement_start_time, agreement_end_time, act, institute_Id, researcher_Id, research_activity_Id) values (2606, 968, 'Nvivo', '2019-09-25', '2022-11-03', 'Research Ethics Committee Member', 13, 11, 83);
insert into agreement (wage, case_Payments, research_Equipment_Used, agreement_start_time, agreement_end_time, act, institute_Id, researcher_Id, research_activity_Id) values (4950, 669, 'Nvivo', '2017-12-30', '2022-09-15', 'Research Coordinator', 3, 19, 84);
insert into agreement (wage, case_Payments, research_Equipment_Used, agreement_start_time, agreement_end_time, act, institute_Id, researcher_Id, research_activity_Id) values (2316, 505, 'Atlas.ti', '2019-05-30', '2020-09-07', 'Research Coordinator', 13, 75, 85);
insert into agreement (wage, case_Payments, research_Equipment_Used, agreement_start_time, agreement_end_time, act, institute_Id, researcher_Id, research_activity_Id) values (217, 249, 'MATLAB', '2019-06-02', '2022-07-05', 'Research Ethics Committee Member', 3, 95, 86);
insert into agreement (wage, case_Payments, research_Equipment_Used, agreement_start_time, agreement_end_time, act, institute_Id, researcher_Id, research_activity_Id) values (294, 459, 'Stata', '2020-03-11', '2020-10-06', 'Statistician', 2, 41, 87);
insert into agreement (wage, case_Payments, research_Equipment_Used, agreement_start_time, agreement_end_time, act, institute_Id, researcher_Id, research_activity_Id) values (2929, 440, 'R', '2019-01-15', '2022-07-31', 'Principal Investigator', 11, 46, 88);
insert into agreement (wage, case_Payments, research_Equipment_Used, agreement_start_time, agreement_end_time, act, institute_Id, researcher_Id, research_activity_Id) values (2798, 759, 'Atlas.ti', '2018-02-26', '2023-02-07', 'Statistician', 4, 14, 89);
insert into agreement (wage, case_Payments, research_Equipment_Used, agreement_start_time, agreement_end_time, act, institute_Id, researcher_Id, research_activity_Id) values (3219, 197, 'Dedoose', '2018-05-09', '2021-05-25', 'Statistician', 3, 81, 90);
insert into agreement (wage, case_Payments, research_Equipment_Used, agreement_start_time, agreement_end_time, act, institute_Id, researcher_Id, research_activity_Id) values (2920, 107, 'Atlas.ti', '2017-04-13', '2021-03-02', 'Data Analyst', 7, 15, 91);
insert into agreement (wage, case_Payments, research_Equipment_Used, agreement_start_time, agreement_end_time, act, institute_Id, researcher_Id, research_activity_Id) values (3293, 385, 'Google Forms', '2016-09-28', '2020-11-29', 'Subject Matter Expert', 7, 65, 92);
insert into agreement (wage, case_Payments, research_Equipment_Used, agreement_start_time, agreement_end_time, act, institute_Id, researcher_Id, research_activity_Id) values (479, 838, 'EndNote', '2017-04-28', '2022-12-14', 'Research Assistants', 12, 56, 93);
insert into agreement (wage, case_Payments, research_Equipment_Used, agreement_start_time, agreement_end_time, act, institute_Id, researcher_Id, research_activity_Id) values (1070, 385, 'SurveyMonkey', '2019-08-05', '2023-04-02', 'Statistician', 6, 50, 94);
insert into agreement (wage, case_Payments, research_Equipment_Used, agreement_start_time, agreement_end_time, act, institute_Id, researcher_Id, research_activity_Id) values (4013, 656, 'MATLAB', '2017-07-01', '2021-08-30', 'Statistician', 14, 81, 95);
insert into agreement (wage, case_Payments, research_Equipment_Used, agreement_start_time, agreement_end_time, act, institute_Id, researcher_Id, research_activity_Id) values (3037, 495, 'QDA Miner', '2019-02-24', '2020-07-06', 'Subject Matter Expert', 7, 61, 96);
insert into agreement (wage, case_Payments, research_Equipment_Used, agreement_start_time, agreement_end_time, act, institute_Id, researcher_Id, research_activity_Id) values (4269, 768, 'QDA Miner', '2019-12-31', '2022-11-18', 'Research Coordinator', 3, 97, 97);
insert into agreement (wage, case_Payments, research_Equipment_Used, agreement_start_time, agreement_end_time, act, institute_Id, researcher_Id, research_activity_Id) values (3883, 205, 'EndNote', '2019-04-01', '2022-04-02', 'Research Advisor', 6, 15, 98);
insert into agreement (wage, case_Payments, research_Equipment_Used, agreement_start_time, agreement_end_time, act, institute_Id, researcher_Id, research_activity_Id) values (3677, 230, 'SPSS', '2017-06-27', '2021-09-20', 'Data Analyst', 14, 88, 99);
insert into agreement (wage, case_Payments, research_Equipment_Used, agreement_start_time, agreement_end_time, act, institute_Id, researcher_Id, research_activity_Id) values (4504, 773, 'Qualtrics', '2017-12-08', '2021-08-21', 'Co-Investigators', 15, 56, 100);
insert into agreement (wage, case_Payments, research_Equipment_Used, agreement_start_time, agreement_end_time, act, institute_Id, researcher_Id, research_activity_Id) values (3557, 892, 'Excel', '2018-10-28', '2020-10-15', 'Research Assistants', 15, 99, 101);
insert into agreement (wage, case_Payments, research_Equipment_Used, agreement_start_time, agreement_end_time, act, institute_Id, researcher_Id, research_activity_Id) values (220, 910, 'Qualtrics', '2018-02-19', '2020-10-05', 'Grant Administrator', 12, 26, 102);
insert into agreement (wage, case_Payments, research_Equipment_Used, agreement_start_time, agreement_end_time, act, institute_Id, researcher_Id, research_activity_Id) values (4379, 860, 'Excel', '2020-01-22', '2021-01-19', 'Research Assistants', 6, 70, 103);
insert into agreement (wage, case_Payments, research_Equipment_Used, agreement_start_time, agreement_end_time, act, institute_Id, researcher_Id, research_activity_Id) values (3331, 989, 'Google Forms', '2019-05-25', '2021-10-21', 'Subject Matter Expert', 13, 6, 104);
insert into agreement (wage, case_Payments, research_Equipment_Used, agreement_start_time, agreement_end_time, act, institute_Id, researcher_Id, research_activity_Id) values (1774, 730, 'Excel', '2018-05-24', '2021-08-04', 'Principal Investigator', 1, 84, 105);
insert into agreement (wage, case_Payments, research_Equipment_Used, agreement_start_time, agreement_end_time, act, institute_Id, researcher_Id, research_activity_Id) values (1095, 666, 'Qualtrics', '2019-01-05', '2022-02-25', 'Research Assistants', 3, 6, 106);
insert into agreement (wage, case_Payments, research_Equipment_Used, agreement_start_time, agreement_end_time, act, institute_Id, researcher_Id, research_activity_Id) values (1158, 450, 'Dedoose', '2016-07-07', '2022-03-17', 'Grant Administrator', 15, 26, 107);
insert into agreement (wage, case_Payments, research_Equipment_Used, agreement_start_time, agreement_end_time, act, institute_Id, researcher_Id, research_activity_Id) values (809, 164, 'Mendeley', '2018-12-10', '2022-11-17', 'Data Analyst', 15, 4, 108);
insert into agreement (wage, case_Payments, research_Equipment_Used, agreement_start_time, agreement_end_time, act, institute_Id, researcher_Id, research_activity_Id) values (2791, 660, 'Mendeley', '2016-11-14', '2020-10-02', 'Research Coordinator', 10, 40, 109);
insert into agreement (wage, case_Payments, research_Equipment_Used, agreement_start_time, agreement_end_time, act, institute_Id, researcher_Id, research_activity_Id) values (2175, 229, 'QDA Miner', '2018-04-06', '2021-11-20', 'Subject Matter Expert', 3, 88, 110);
insert into agreement (wage, case_Payments, research_Equipment_Used, agreement_start_time, agreement_end_time, act, institute_Id, researcher_Id, research_activity_Id) values (2369, 353, 'Qualtrics', '2019-09-06', '2021-08-07', 'Data Analyst', 2, 77, 111);
insert into agreement (wage, case_Payments, research_Equipment_Used, agreement_start_time, agreement_end_time, act, institute_Id, researcher_Id, research_activity_Id) values (2489, 382, 'R', '2017-09-05', '2022-05-06', 'Research Advisor', 4, 44, 112);
insert into agreement (wage, case_Payments, research_Equipment_Used, agreement_start_time, agreement_end_time, act, institute_Id, researcher_Id, research_activity_Id) values (3044, 256, 'Qualtrics', '2018-12-08', '2021-04-28', 'Research Coordinator', 2, 61, 113);
insert into agreement (wage, case_Payments, research_Equipment_Used, agreement_start_time, agreement_end_time, act, institute_Id, researcher_Id, research_activity_Id) values (4001, 276, 'R', '2016-10-13', '2022-07-04', 'Data Analyst', 13, 58, 114);
insert into agreement (wage, case_Payments, research_Equipment_Used, agreement_start_time, agreement_end_time, act, institute_Id, researcher_Id, research_activity_Id) values (3479, 392, 'Tableau', '2016-07-30', '2020-09-18', 'Research Advisor', 1, 95, 115);
insert into agreement (wage, case_Payments, research_Equipment_Used, agreement_start_time, agreement_end_time, act, institute_Id, researcher_Id, research_activity_Id) values (1546, 988, 'Dedoose', '2019-05-16', '2022-09-03', 'Research Advisor', 15, 52, 116);
insert into agreement (wage, case_Payments, research_Equipment_Used, agreement_start_time, agreement_end_time, act, institute_Id, researcher_Id, research_activity_Id) values (2055, 520, 'Excel', '2019-04-04', '2023-03-02', 'Grant Administrator', 4, 25, 117);
insert into agreement (wage, case_Payments, research_Equipment_Used, agreement_start_time, agreement_end_time, act, institute_Id, researcher_Id, research_activity_Id) values (1358, 164, 'EndNote', '2019-10-16', '2021-08-02', 'Subject Matter Expert', 6, 61, 118);
insert into agreement (wage, case_Payments, research_Equipment_Used, agreement_start_time, agreement_end_time, act, institute_Id, researcher_Id, research_activity_Id) values (2318, 890, 'Atlas.ti', '2019-08-07', '2022-03-05', 'Research Ethics Committee Member', 11, 57, 119);
insert into agreement (wage, case_Payments, research_Equipment_Used, agreement_start_time, agreement_end_time, act, institute_Id, researcher_Id, research_activity_Id) values (4208, 285, 'Python', '2020-01-06', '2021-06-22', 'Data Analyst', 8, 44, 120);
insert into agreement (wage, case_Payments, research_Equipment_Used, agreement_start_time, agreement_end_time, act, institute_Id, researcher_Id, research_activity_Id) values (3818, 179, 'Zotero', '2016-09-21', '2021-03-06', 'Co-Investigators', 13, 33, 121);
insert into agreement (wage, case_Payments, research_Equipment_Used, agreement_start_time, agreement_end_time, act, institute_Id, researcher_Id, research_activity_Id) values (2521, 365, 'Tableau', '2020-02-16', '2020-09-29', 'Co-Investigators', 12, 9, 122);
insert into agreement (wage, case_Payments, research_Equipment_Used, agreement_start_time, agreement_end_time, act, institute_Id, researcher_Id, research_activity_Id) values (4467, 439, 'EndNote', '2018-12-30', '2020-08-12', 'Grant Administrator', 9, 40, 123);
insert into agreement (wage, case_Payments, research_Equipment_Used, agreement_start_time, agreement_end_time, act, institute_Id, researcher_Id, research_activity_Id) values (3686, 469, 'EndNote', '2016-07-26', '2021-08-09', 'Research Ethics Committee Member', 11, 66, 124);
insert into agreement (wage, case_Payments, research_Equipment_Used, agreement_start_time, agreement_end_time, act, institute_Id, researcher_Id, research_activity_Id) values (2068, 308, 'MAXQDA', '2019-10-05', '2021-05-30', 'Research Advisor', 8, 51, 125);
insert into agreement (wage, case_Payments, research_Equipment_Used, agreement_start_time, agreement_end_time, act, institute_Id, researcher_Id, research_activity_Id) values (2087, 615, 'SurveyMonkey', '2017-01-20', '2022-11-03', 'Research Advisor', 2, 95, 126);
insert into agreement (wage, case_Payments, research_Equipment_Used, agreement_start_time, agreement_end_time, act, institute_Id, researcher_Id, research_activity_Id) values (1119, 631, 'QDA Miner', '2016-10-10', '2022-03-10', 'Co-Investigators', 9, 55, 127);
insert into agreement (wage, case_Payments, research_Equipment_Used, agreement_start_time, agreement_end_time, act, institute_Id, researcher_Id, research_activity_Id) values (1568, 377, 'QDA Miner', '2017-05-26', '2023-05-17', 'Research Coordinator', 3, 86, 128);
insert into agreement (wage, case_Payments, research_Equipment_Used, agreement_start_time, agreement_end_time, act, institute_Id, researcher_Id, research_activity_Id) values (3969, 289, 'Nvivo', '2019-08-29', '2021-03-27', 'Co-Investigators', 10, 63, 129);
insert into agreement (wage, case_Payments, research_Equipment_Used, agreement_start_time, agreement_end_time, act, institute_Id, researcher_Id, research_activity_Id) values (476, 666, 'Google Forms', '2019-08-15', '2022-12-19', 'Research Assistants', 15, 49, 130);
insert into agreement (wage, case_Payments, research_Equipment_Used, agreement_start_time, agreement_end_time, act, institute_Id, researcher_Id, research_activity_Id) values (2380, 508, 'Nvivo', '2017-01-29', '2021-08-08', 'Principal Investigator', 15, 8, 131);
insert into agreement (wage, case_Payments, research_Equipment_Used, agreement_start_time, agreement_end_time, act, institute_Id, researcher_Id, research_activity_Id) values (2577, 723, 'Dedoose', '2019-10-10', '2021-08-25', 'Data Analyst', 3, 77, 132);
insert into agreement (wage, case_Payments, research_Equipment_Used, agreement_start_time, agreement_end_time, act, institute_Id, researcher_Id, research_activity_Id) values (556, 849, 'MATLAB', '2017-09-05', '2020-07-09', 'Research Advisor', 5, 92, 133);
insert into agreement (wage, case_Payments, research_Equipment_Used, agreement_start_time, agreement_end_time, act, institute_Id, researcher_Id, research_activity_Id) values (4656, 794, 'Zotero', '2018-12-03', '2021-06-13', 'Grant Administrator', 15, 55, 134);
insert into agreement (wage, case_Payments, research_Equipment_Used, agreement_start_time, agreement_end_time, act, institute_Id, researcher_Id, research_activity_Id) values (1697, 187, 'Dedoose', '2018-10-25', '2022-10-09', 'Co-Investigators', 6, 99, 135);
insert into agreement (wage, case_Payments, research_Equipment_Used, agreement_start_time, agreement_end_time, act, institute_Id, researcher_Id, research_activity_Id) values (2183, 465, 'Google Forms', '2017-07-18', '2020-08-16', 'Data Analyst', 12, 99, 136);
insert into agreement (wage, case_Payments, research_Equipment_Used, agreement_start_time, agreement_end_time, act, institute_Id, researcher_Id, research_activity_Id) values (3399, 988, 'SPSS', '2017-03-25', '2022-04-20', 'Research Coordinator', 3, 67, 137);
insert into agreement (wage, case_Payments, research_Equipment_Used, agreement_start_time, agreement_end_time, act, institute_Id, researcher_Id, research_activity_Id) values (3540, 727, 'Google Forms', '2019-01-10', '2021-07-13', 'Data Analyst', 11, 75, 138);
insert into agreement (wage, case_Payments, research_Equipment_Used, agreement_start_time, agreement_end_time, act, institute_Id, researcher_Id, research_activity_Id) values (652, 935, 'R', '2017-11-25', '2022-08-21', 'Research Advisor', 10, 42, 139);
insert into agreement (wage, case_Payments, research_Equipment_Used, agreement_start_time, agreement_end_time, act, institute_Id, researcher_Id, research_activity_Id) values (4519, 452, 'SAS', '2019-12-02', '2022-01-10', 'Subject Matter Expert', 11, 65, 140);
insert into agreement (wage, case_Payments, research_Equipment_Used, agreement_start_time, agreement_end_time, act, institute_Id, researcher_Id, research_activity_Id) values (4601, 489, 'Qualtrics', '2016-12-04', '2022-01-18', 'Principal Investigator', 1, 44, 141);
insert into agreement (wage, case_Payments, research_Equipment_Used, agreement_start_time, agreement_end_time, act, institute_Id, researcher_Id, research_activity_Id) values (1090, 210, 'Stata', '2018-05-13', '2021-07-04', 'Research Coordinator', 13, 93, 142);
insert into agreement (wage, case_Payments, research_Equipment_Used, agreement_start_time, agreement_end_time, act, institute_Id, researcher_Id, research_activity_Id) values (2908, 375, 'EndNote', '2019-04-21', '2020-12-12', 'Statistician', 2, 35, 143);
insert into agreement (wage, case_Payments, research_Equipment_Used, agreement_start_time, agreement_end_time, act, institute_Id, researcher_Id, research_activity_Id) values (2984, 725, 'R', '2019-07-25', '2022-11-07', 'Co-Investigators', 8, 87, 144);
insert into agreement (wage, case_Payments, research_Equipment_Used, agreement_start_time, agreement_end_time, act, institute_Id, researcher_Id, research_activity_Id) values (883, 558, 'EndNote', '2020-04-03', '2021-11-17', 'Grant Administrator', 13, 7, 145);
insert into agreement (wage, case_Payments, research_Equipment_Used, agreement_start_time, agreement_end_time, act, institute_Id, researcher_Id, research_activity_Id) values (1474, 915, 'QDA Miner', '2018-06-27', '2020-11-29', 'Statistician', 15, 24, 146);
insert into agreement (wage, case_Payments, research_Equipment_Used, agreement_start_time, agreement_end_time, act, institute_Id, researcher_Id, research_activity_Id) values (4051, 604, 'Dedoose', '2017-11-24', '2022-08-08', 'Statistician', 5, 27, 147);
insert into agreement (wage, case_Payments, research_Equipment_Used, agreement_start_time, agreement_end_time, act, institute_Id, researcher_Id, research_activity_Id) values (4177, 827, 'Dedoose', '2019-06-19', '2023-03-19', 'Research Coordinator', 15, 51, 148);
insert into agreement (wage, case_Payments, research_Equipment_Used, agreement_start_time, agreement_end_time, act, institute_Id, researcher_Id, research_activity_Id) values (4057, 671, 'Stata', '2019-11-09', '2021-09-15', 'Co-Investigators', 9, 56, 149);
insert into agreement (wage, case_Payments, research_Equipment_Used, agreement_start_time, agreement_end_time, act, institute_Id, researcher_Id, research_activity_Id) values (3404, 654, 'MATLAB', '2016-10-02', '2021-03-03', 'Subject Matter Expert', 14, 72, 150);

insert into research_Areas_Of_Interest_researcher (research_Areas_Of_Interest_Id, researcher_Id) values (27, 1);
insert into research_Areas_Of_Interest_researcher (research_Areas_Of_Interest_Id, researcher_Id) values (23, 2);
insert into research_Areas_Of_Interest_researcher (research_Areas_Of_Interest_Id, researcher_Id) values (6, 3);
insert into research_Areas_Of_Interest_researcher (research_Areas_Of_Interest_Id, researcher_Id) values (14, 4);
insert into research_Areas_Of_Interest_researcher (research_Areas_Of_Interest_Id, researcher_Id) values (19, 5);
insert into research_Areas_Of_Interest_researcher (research_Areas_Of_Interest_Id, researcher_Id) values (41, 6);
insert into research_Areas_Of_Interest_researcher (research_Areas_Of_Interest_Id, researcher_Id) values (10, 7);
insert into research_Areas_Of_Interest_researcher (research_Areas_Of_Interest_Id, researcher_Id) values (3, 8);
insert into research_Areas_Of_Interest_researcher (research_Areas_Of_Interest_Id, researcher_Id) values (36, 9);
insert into research_Areas_Of_Interest_researcher (research_Areas_Of_Interest_Id, researcher_Id) values (10, 10);
insert into research_Areas_Of_Interest_researcher (research_Areas_Of_Interest_Id, researcher_Id) values (47, 11);
insert into research_Areas_Of_Interest_researcher (research_Areas_Of_Interest_Id, researcher_Id) values (10, 12);
insert into research_Areas_Of_Interest_researcher (research_Areas_Of_Interest_Id, researcher_Id) values (27, 13);
insert into research_Areas_Of_Interest_researcher (research_Areas_Of_Interest_Id, researcher_Id) values (14, 14);
insert into research_Areas_Of_Interest_researcher (research_Areas_Of_Interest_Id, researcher_Id) values (16, 15);
insert into research_Areas_Of_Interest_researcher (research_Areas_Of_Interest_Id, researcher_Id) values (36, 16);
insert into research_Areas_Of_Interest_researcher (research_Areas_Of_Interest_Id, researcher_Id) values (6, 17);
insert into research_Areas_Of_Interest_researcher (research_Areas_Of_Interest_Id, researcher_Id) values (13, 18);
insert into research_Areas_Of_Interest_researcher (research_Areas_Of_Interest_Id, researcher_Id) values (1, 19);
insert into research_Areas_Of_Interest_researcher (research_Areas_Of_Interest_Id, researcher_Id) values (25, 20);
insert into research_Areas_Of_Interest_researcher (research_Areas_Of_Interest_Id, researcher_Id) values (1, 21);
insert into research_Areas_Of_Interest_researcher (research_Areas_Of_Interest_Id, researcher_Id) values (13, 22);
insert into research_Areas_Of_Interest_researcher (research_Areas_Of_Interest_Id, researcher_Id) values (50, 23);
insert into research_Areas_Of_Interest_researcher (research_Areas_Of_Interest_Id, researcher_Id) values (18, 24);
insert into research_Areas_Of_Interest_researcher (research_Areas_Of_Interest_Id, researcher_Id) values (21, 25);
insert into research_Areas_Of_Interest_researcher (research_Areas_Of_Interest_Id, researcher_Id) values (5, 26);
insert into research_Areas_Of_Interest_researcher (research_Areas_Of_Interest_Id, researcher_Id) values (6, 27);
insert into research_Areas_Of_Interest_researcher (research_Areas_Of_Interest_Id, researcher_Id) values (26, 28);
insert into research_Areas_Of_Interest_researcher (research_Areas_Of_Interest_Id, researcher_Id) values (23, 29);
insert into research_Areas_Of_Interest_researcher (research_Areas_Of_Interest_Id, researcher_Id) values (24, 30);
insert into research_Areas_Of_Interest_researcher (research_Areas_Of_Interest_Id, researcher_Id) values (3, 31);
insert into research_Areas_Of_Interest_researcher (research_Areas_Of_Interest_Id, researcher_Id) values (21, 32);
insert into research_Areas_Of_Interest_researcher (research_Areas_Of_Interest_Id, researcher_Id) values (11, 33);
insert into research_Areas_Of_Interest_researcher (research_Areas_Of_Interest_Id, researcher_Id) values (9, 34);
insert into research_Areas_Of_Interest_researcher (research_Areas_Of_Interest_Id, researcher_Id) values (10, 35);
insert into research_Areas_Of_Interest_researcher (research_Areas_Of_Interest_Id, researcher_Id) values (29, 36);
insert into research_Areas_Of_Interest_researcher (research_Areas_Of_Interest_Id, researcher_Id) values (22, 37);
insert into research_Areas_Of_Interest_researcher (research_Areas_Of_Interest_Id, researcher_Id) values (49, 38);
insert into research_Areas_Of_Interest_researcher (research_Areas_Of_Interest_Id, researcher_Id) values (11, 39);
insert into research_Areas_Of_Interest_researcher (research_Areas_Of_Interest_Id, researcher_Id) values (14, 40);
insert into research_Areas_Of_Interest_researcher (research_Areas_Of_Interest_Id, researcher_Id) values (37, 41);
insert into research_Areas_Of_Interest_researcher (research_Areas_Of_Interest_Id, researcher_Id) values (10, 42);
insert into research_Areas_Of_Interest_researcher (research_Areas_Of_Interest_Id, researcher_Id) values (47, 43);
insert into research_Areas_Of_Interest_researcher (research_Areas_Of_Interest_Id, researcher_Id) values (27, 44);
insert into research_Areas_Of_Interest_researcher (research_Areas_Of_Interest_Id, researcher_Id) values (46, 45);
insert into research_Areas_Of_Interest_researcher (research_Areas_Of_Interest_Id, researcher_Id) values (35, 46);
insert into research_Areas_Of_Interest_researcher (research_Areas_Of_Interest_Id, researcher_Id) values (38, 47);
insert into research_Areas_Of_Interest_researcher (research_Areas_Of_Interest_Id, researcher_Id) values (47, 48);
insert into research_Areas_Of_Interest_researcher (research_Areas_Of_Interest_Id, researcher_Id) values (5, 49);
insert into research_Areas_Of_Interest_researcher (research_Areas_Of_Interest_Id, researcher_Id) values (15, 50);
insert into research_Areas_Of_Interest_researcher (research_Areas_Of_Interest_Id, researcher_Id) values (30, 51);
insert into research_Areas_Of_Interest_researcher (research_Areas_Of_Interest_Id, researcher_Id) values (18, 52);
insert into research_Areas_Of_Interest_researcher (research_Areas_Of_Interest_Id, researcher_Id) values (36, 53);
insert into research_Areas_Of_Interest_researcher (research_Areas_Of_Interest_Id, researcher_Id) values (24, 54);
insert into research_Areas_Of_Interest_researcher (research_Areas_Of_Interest_Id, researcher_Id) values (43, 55);
insert into research_Areas_Of_Interest_researcher (research_Areas_Of_Interest_Id, researcher_Id) values (17, 56);
insert into research_Areas_Of_Interest_researcher (research_Areas_Of_Interest_Id, researcher_Id) values (22, 57);
insert into research_Areas_Of_Interest_researcher (research_Areas_Of_Interest_Id, researcher_Id) values (40, 58);
insert into research_Areas_Of_Interest_researcher (research_Areas_Of_Interest_Id, researcher_Id) values (16, 59);
insert into research_Areas_Of_Interest_researcher (research_Areas_Of_Interest_Id, researcher_Id) values (25, 60);
insert into research_Areas_Of_Interest_researcher (research_Areas_Of_Interest_Id, researcher_Id) values (34, 61);
insert into research_Areas_Of_Interest_researcher (research_Areas_Of_Interest_Id, researcher_Id) values (35, 62);
insert into research_Areas_Of_Interest_researcher (research_Areas_Of_Interest_Id, researcher_Id) values (29, 63);
insert into research_Areas_Of_Interest_researcher (research_Areas_Of_Interest_Id, researcher_Id) values (36, 64);
insert into research_Areas_Of_Interest_researcher (research_Areas_Of_Interest_Id, researcher_Id) values (33, 65);
insert into research_Areas_Of_Interest_researcher (research_Areas_Of_Interest_Id, researcher_Id) values (20, 66);
insert into research_Areas_Of_Interest_researcher (research_Areas_Of_Interest_Id, researcher_Id) values (42, 67);
insert into research_Areas_Of_Interest_researcher (research_Areas_Of_Interest_Id, researcher_Id) values (3, 68);
insert into research_Areas_Of_Interest_researcher (research_Areas_Of_Interest_Id, researcher_Id) values (35, 69);
insert into research_Areas_Of_Interest_researcher (research_Areas_Of_Interest_Id, researcher_Id) values (43, 70);
insert into research_Areas_Of_Interest_researcher (research_Areas_Of_Interest_Id, researcher_Id) values (33, 71);
insert into research_Areas_Of_Interest_researcher (research_Areas_Of_Interest_Id, researcher_Id) values (28, 72);
insert into research_Areas_Of_Interest_researcher (research_Areas_Of_Interest_Id, researcher_Id) values (20, 73);
insert into research_Areas_Of_Interest_researcher (research_Areas_Of_Interest_Id, researcher_Id) values (6, 74);
insert into research_Areas_Of_Interest_researcher (research_Areas_Of_Interest_Id, researcher_Id) values (21, 75);
insert into research_Areas_Of_Interest_researcher (research_Areas_Of_Interest_Id, researcher_Id) values (38, 76);
insert into research_Areas_Of_Interest_researcher (research_Areas_Of_Interest_Id, researcher_Id) values (38, 77);
insert into research_Areas_Of_Interest_researcher (research_Areas_Of_Interest_Id, researcher_Id) values (39, 78);
insert into research_Areas_Of_Interest_researcher (research_Areas_Of_Interest_Id, researcher_Id) values (19, 79);
insert into research_Areas_Of_Interest_researcher (research_Areas_Of_Interest_Id, researcher_Id) values (27, 80);
insert into research_Areas_Of_Interest_researcher (research_Areas_Of_Interest_Id, researcher_Id) values (19, 81);
insert into research_Areas_Of_Interest_researcher (research_Areas_Of_Interest_Id, researcher_Id) values (25, 82);
insert into research_Areas_Of_Interest_researcher (research_Areas_Of_Interest_Id, researcher_Id) values (44, 83);
insert into research_Areas_Of_Interest_researcher (research_Areas_Of_Interest_Id, researcher_Id) values (49, 84);
insert into research_Areas_Of_Interest_researcher (research_Areas_Of_Interest_Id, researcher_Id) values (16, 85);
insert into research_Areas_Of_Interest_researcher (research_Areas_Of_Interest_Id, researcher_Id) values (26, 86);
insert into research_Areas_Of_Interest_researcher (research_Areas_Of_Interest_Id, researcher_Id) values (13, 87);
insert into research_Areas_Of_Interest_researcher (research_Areas_Of_Interest_Id, researcher_Id) values (13, 88);
insert into research_Areas_Of_Interest_researcher (research_Areas_Of_Interest_Id, researcher_Id) values (27, 89);
insert into research_Areas_Of_Interest_researcher (research_Areas_Of_Interest_Id, researcher_Id) values (20, 90);
insert into research_Areas_Of_Interest_researcher (research_Areas_Of_Interest_Id, researcher_Id) values (36, 91);
insert into research_Areas_Of_Interest_researcher (research_Areas_Of_Interest_Id, researcher_Id) values (4, 92);
insert into research_Areas_Of_Interest_researcher (research_Areas_Of_Interest_Id, researcher_Id) values (30, 93);
insert into research_Areas_Of_Interest_researcher (research_Areas_Of_Interest_Id, researcher_Id) values (16, 94);
insert into research_Areas_Of_Interest_researcher (research_Areas_Of_Interest_Id, researcher_Id) values (24, 95);
insert into research_Areas_Of_Interest_researcher (research_Areas_Of_Interest_Id, researcher_Id) values (11, 96);
insert into research_Areas_Of_Interest_researcher (research_Areas_Of_Interest_Id, researcher_Id) values (16, 97);
insert into research_Areas_Of_Interest_researcher (research_Areas_Of_Interest_Id, researcher_Id) values (22, 98);
insert into research_Areas_Of_Interest_researcher (research_Areas_Of_Interest_Id, researcher_Id) values (4, 99);
insert into research_Areas_Of_Interest_researcher (research_Areas_Of_Interest_Id, researcher_Id) values (23, 100);
insert into research_Areas_Of_Interest_researcher (research_Areas_Of_Interest_Id, researcher_Id) values (39, 1);
insert into research_Areas_Of_Interest_researcher (research_Areas_Of_Interest_Id, researcher_Id) values (50, 2);
insert into research_Areas_Of_Interest_researcher (research_Areas_Of_Interest_Id, researcher_Id) values (14, 3);
insert into research_Areas_Of_Interest_researcher (research_Areas_Of_Interest_Id, researcher_Id) values (20, 4);
insert into research_Areas_Of_Interest_researcher (research_Areas_Of_Interest_Id, researcher_Id) values (7, 5);
insert into research_Areas_Of_Interest_researcher (research_Areas_Of_Interest_Id, researcher_Id) values (48, 6);
insert into research_Areas_Of_Interest_researcher (research_Areas_Of_Interest_Id, researcher_Id) values (33, 7);
insert into research_Areas_Of_Interest_researcher (research_Areas_Of_Interest_Id, researcher_Id) values (13, 8);
insert into research_Areas_Of_Interest_researcher (research_Areas_Of_Interest_Id, researcher_Id) values (16, 9);
insert into research_Areas_Of_Interest_researcher (research_Areas_Of_Interest_Id, researcher_Id) values (34, 10);
insert into research_Areas_Of_Interest_researcher (research_Areas_Of_Interest_Id, researcher_Id) values (33, 11);
insert into research_Areas_Of_Interest_researcher (research_Areas_Of_Interest_Id, researcher_Id) values (17, 12);
insert into research_Areas_Of_Interest_researcher (research_Areas_Of_Interest_Id, researcher_Id) values (40, 13);
insert into research_Areas_Of_Interest_researcher (research_Areas_Of_Interest_Id, researcher_Id) values (8, 14);
insert into research_Areas_Of_Interest_researcher (research_Areas_Of_Interest_Id, researcher_Id) values (7, 15);
insert into research_Areas_Of_Interest_researcher (research_Areas_Of_Interest_Id, researcher_Id) values (43, 16);
insert into research_Areas_Of_Interest_researcher (research_Areas_Of_Interest_Id, researcher_Id) values (31, 17);
insert into research_Areas_Of_Interest_researcher (research_Areas_Of_Interest_Id, researcher_Id) values (22, 18);
insert into research_Areas_Of_Interest_researcher (research_Areas_Of_Interest_Id, researcher_Id) values (18, 19);
insert into research_Areas_Of_Interest_researcher (research_Areas_Of_Interest_Id, researcher_Id) values (34, 20);
insert into research_Areas_Of_Interest_researcher (research_Areas_Of_Interest_Id, researcher_Id) values (37, 21);
insert into research_Areas_Of_Interest_researcher (research_Areas_Of_Interest_Id, researcher_Id) values (12, 22);
insert into research_Areas_Of_Interest_researcher (research_Areas_Of_Interest_Id, researcher_Id) values (42, 23);
insert into research_Areas_Of_Interest_researcher (research_Areas_Of_Interest_Id, researcher_Id) values (40, 24);
insert into research_Areas_Of_Interest_researcher (research_Areas_Of_Interest_Id, researcher_Id) values (35, 25);
insert into research_Areas_Of_Interest_researcher (research_Areas_Of_Interest_Id, researcher_Id) values (14, 26);
insert into research_Areas_Of_Interest_researcher (research_Areas_Of_Interest_Id, researcher_Id) values (12, 27);
insert into research_Areas_Of_Interest_researcher (research_Areas_Of_Interest_Id, researcher_Id) values (40, 28);
insert into research_Areas_Of_Interest_researcher (research_Areas_Of_Interest_Id, researcher_Id) values (41, 29);
insert into research_Areas_Of_Interest_researcher (research_Areas_Of_Interest_Id, researcher_Id) values (28, 30);
insert into research_Areas_Of_Interest_researcher (research_Areas_Of_Interest_Id, researcher_Id) values (46, 31);
insert into research_Areas_Of_Interest_researcher (research_Areas_Of_Interest_Id, researcher_Id) values (36, 32);
insert into research_Areas_Of_Interest_researcher (research_Areas_Of_Interest_Id, researcher_Id) values (15, 33);
insert into research_Areas_Of_Interest_researcher (research_Areas_Of_Interest_Id, researcher_Id) values (15, 34);
insert into research_Areas_Of_Interest_researcher (research_Areas_Of_Interest_Id, researcher_Id) values (41, 35);
insert into research_Areas_Of_Interest_researcher (research_Areas_Of_Interest_Id, researcher_Id) values (44, 36);
insert into research_Areas_Of_Interest_researcher (research_Areas_Of_Interest_Id, researcher_Id) values (26, 37);
insert into research_Areas_Of_Interest_researcher (research_Areas_Of_Interest_Id, researcher_Id) values (27, 38);
insert into research_Areas_Of_Interest_researcher (research_Areas_Of_Interest_Id, researcher_Id) values (14, 39);
insert into research_Areas_Of_Interest_researcher (research_Areas_Of_Interest_Id, researcher_Id) values (30, 40);
insert into research_Areas_Of_Interest_researcher (research_Areas_Of_Interest_Id, researcher_Id) values (28, 41);
insert into research_Areas_Of_Interest_researcher (research_Areas_Of_Interest_Id, researcher_Id) values (7, 42);
insert into research_Areas_Of_Interest_researcher (research_Areas_Of_Interest_Id, researcher_Id) values (48, 43);
insert into research_Areas_Of_Interest_researcher (research_Areas_Of_Interest_Id, researcher_Id) values (46, 44);
insert into research_Areas_Of_Interest_researcher (research_Areas_Of_Interest_Id, researcher_Id) values (40, 45);
insert into research_Areas_Of_Interest_researcher (research_Areas_Of_Interest_Id, researcher_Id) values (31, 46);
insert into research_Areas_Of_Interest_researcher (research_Areas_Of_Interest_Id, researcher_Id) values (38, 47);
insert into research_Areas_Of_Interest_researcher (research_Areas_Of_Interest_Id, researcher_Id) values (6, 48);
insert into research_Areas_Of_Interest_researcher (research_Areas_Of_Interest_Id, researcher_Id) values (33, 49);
insert into research_Areas_Of_Interest_researcher (research_Areas_Of_Interest_Id, researcher_Id) values (33, 50);
insert into research_Areas_Of_Interest_researcher (research_Areas_Of_Interest_Id, researcher_Id) values (18, 51);
insert into research_Areas_Of_Interest_researcher (research_Areas_Of_Interest_Id, researcher_Id) values (44, 52);
insert into research_Areas_Of_Interest_researcher (research_Areas_Of_Interest_Id, researcher_Id) values (26, 53);
insert into research_Areas_Of_Interest_researcher (research_Areas_Of_Interest_Id, researcher_Id) values (15, 54);
insert into research_Areas_Of_Interest_researcher (research_Areas_Of_Interest_Id, researcher_Id) values (31, 55);
insert into research_Areas_Of_Interest_researcher (research_Areas_Of_Interest_Id, researcher_Id) values (30, 56);
insert into research_Areas_Of_Interest_researcher (research_Areas_Of_Interest_Id, researcher_Id) values (13, 57);
insert into research_Areas_Of_Interest_researcher (research_Areas_Of_Interest_Id, researcher_Id) values (25, 58);
insert into research_Areas_Of_Interest_researcher (research_Areas_Of_Interest_Id, researcher_Id) values (9, 59);
insert into research_Areas_Of_Interest_researcher (research_Areas_Of_Interest_Id, researcher_Id) values (34, 60);
insert into research_Areas_Of_Interest_researcher (research_Areas_Of_Interest_Id, researcher_Id) values (2, 61);
insert into research_Areas_Of_Interest_researcher (research_Areas_Of_Interest_Id, researcher_Id) values (36, 62);
insert into research_Areas_Of_Interest_researcher (research_Areas_Of_Interest_Id, researcher_Id) values (1, 63);
insert into research_Areas_Of_Interest_researcher (research_Areas_Of_Interest_Id, researcher_Id) values (12, 64);
insert into research_Areas_Of_Interest_researcher (research_Areas_Of_Interest_Id, researcher_Id) values (11, 65);
insert into research_Areas_Of_Interest_researcher (research_Areas_Of_Interest_Id, researcher_Id) values (20, 66);
insert into research_Areas_Of_Interest_researcher (research_Areas_Of_Interest_Id, researcher_Id) values (45, 67);
insert into research_Areas_Of_Interest_researcher (research_Areas_Of_Interest_Id, researcher_Id) values (30, 68);
insert into research_Areas_Of_Interest_researcher (research_Areas_Of_Interest_Id, researcher_Id) values (48, 69);
insert into research_Areas_Of_Interest_researcher (research_Areas_Of_Interest_Id, researcher_Id) values (42, 70);
insert into research_Areas_Of_Interest_researcher (research_Areas_Of_Interest_Id, researcher_Id) values (22, 71);
insert into research_Areas_Of_Interest_researcher (research_Areas_Of_Interest_Id, researcher_Id) values (5, 72);
insert into research_Areas_Of_Interest_researcher (research_Areas_Of_Interest_Id, researcher_Id) values (47, 73);
insert into research_Areas_Of_Interest_researcher (research_Areas_Of_Interest_Id, researcher_Id) values (36, 74);
insert into research_Areas_Of_Interest_researcher (research_Areas_Of_Interest_Id, researcher_Id) values (23, 75);
insert into research_Areas_Of_Interest_researcher (research_Areas_Of_Interest_Id, researcher_Id) values (10, 76);
insert into research_Areas_Of_Interest_researcher (research_Areas_Of_Interest_Id, researcher_Id) values (20, 77);
insert into research_Areas_Of_Interest_researcher (research_Areas_Of_Interest_Id, researcher_Id) values (44, 78);
insert into research_Areas_Of_Interest_researcher (research_Areas_Of_Interest_Id, researcher_Id) values (48, 79);
insert into research_Areas_Of_Interest_researcher (research_Areas_Of_Interest_Id, researcher_Id) values (43, 80);
insert into research_Areas_Of_Interest_researcher (research_Areas_Of_Interest_Id, researcher_Id) values (37, 81);
insert into research_Areas_Of_Interest_researcher (research_Areas_Of_Interest_Id, researcher_Id) values (37, 82);
insert into research_Areas_Of_Interest_researcher (research_Areas_Of_Interest_Id, researcher_Id) values (12, 83);
insert into research_Areas_Of_Interest_researcher (research_Areas_Of_Interest_Id, researcher_Id) values (22, 84);
insert into research_Areas_Of_Interest_researcher (research_Areas_Of_Interest_Id, researcher_Id) values (2, 85);
insert into research_Areas_Of_Interest_researcher (research_Areas_Of_Interest_Id, researcher_Id) values (35, 86);
insert into research_Areas_Of_Interest_researcher (research_Areas_Of_Interest_Id, researcher_Id) values (25, 87);
insert into research_Areas_Of_Interest_researcher (research_Areas_Of_Interest_Id, researcher_Id) values (10, 88);
insert into research_Areas_Of_Interest_researcher (research_Areas_Of_Interest_Id, researcher_Id) values (13, 89);
insert into research_Areas_Of_Interest_researcher (research_Areas_Of_Interest_Id, researcher_Id) values (39, 90);
insert into research_Areas_Of_Interest_researcher (research_Areas_Of_Interest_Id, researcher_Id) values (14, 91);
insert into research_Areas_Of_Interest_researcher (research_Areas_Of_Interest_Id, researcher_Id) values (11, 92);
insert into research_Areas_Of_Interest_researcher (research_Areas_Of_Interest_Id, researcher_Id) values (33, 93);
insert into research_Areas_Of_Interest_researcher (research_Areas_Of_Interest_Id, researcher_Id) values (50, 94);
insert into research_Areas_Of_Interest_researcher (research_Areas_Of_Interest_Id, researcher_Id) values (38, 95);
insert into research_Areas_Of_Interest_researcher (research_Areas_Of_Interest_Id, researcher_Id) values (42, 96);
insert into research_Areas_Of_Interest_researcher (research_Areas_Of_Interest_Id, researcher_Id) values (1, 97);
insert into research_Areas_Of_Interest_researcher (research_Areas_Of_Interest_Id, researcher_Id) values (37, 98);
insert into research_Areas_Of_Interest_researcher (research_Areas_Of_Interest_Id, researcher_Id) values (27, 99);
insert into research_Areas_Of_Interest_researcher (research_Areas_Of_Interest_Id, researcher_Id) values (12, 100);
insert into research_Areas_Of_Interest_researcher (research_Areas_Of_Interest_Id, researcher_Id) values (3, 1);
insert into research_Areas_Of_Interest_researcher (research_Areas_Of_Interest_Id, researcher_Id) values (33, 2);
insert into research_Areas_Of_Interest_researcher (research_Areas_Of_Interest_Id, researcher_Id) values (18, 3);
insert into research_Areas_Of_Interest_researcher (research_Areas_Of_Interest_Id, researcher_Id) values (47, 4);
insert into research_Areas_Of_Interest_researcher (research_Areas_Of_Interest_Id, researcher_Id) values (41, 5);
insert into research_Areas_Of_Interest_researcher (research_Areas_Of_Interest_Id, researcher_Id) values (50, 6);
insert into research_Areas_Of_Interest_researcher (research_Areas_Of_Interest_Id, researcher_Id) values (24, 7);
insert into research_Areas_Of_Interest_researcher (research_Areas_Of_Interest_Id, researcher_Id) values (9, 8);
insert into research_Areas_Of_Interest_researcher (research_Areas_Of_Interest_Id, researcher_Id) values (34, 9);
insert into research_Areas_Of_Interest_researcher (research_Areas_Of_Interest_Id, researcher_Id) values (22, 10);
insert into research_Areas_Of_Interest_researcher (research_Areas_Of_Interest_Id, researcher_Id) values (39, 11);
insert into research_Areas_Of_Interest_researcher (research_Areas_Of_Interest_Id, researcher_Id) values (50, 12);
insert into research_Areas_Of_Interest_researcher (research_Areas_Of_Interest_Id, researcher_Id) values (38, 13);
insert into research_Areas_Of_Interest_researcher (research_Areas_Of_Interest_Id, researcher_Id) values (20, 14);
insert into research_Areas_Of_Interest_researcher (research_Areas_Of_Interest_Id, researcher_Id) values (27, 15);
insert into research_Areas_Of_Interest_researcher (research_Areas_Of_Interest_Id, researcher_Id) values (14, 16);
insert into research_Areas_Of_Interest_researcher (research_Areas_Of_Interest_Id, researcher_Id) values (27, 17);
insert into research_Areas_Of_Interest_researcher (research_Areas_Of_Interest_Id, researcher_Id) values (1, 18);
insert into research_Areas_Of_Interest_researcher (research_Areas_Of_Interest_Id, researcher_Id) values (23, 19);
insert into research_Areas_Of_Interest_researcher (research_Areas_Of_Interest_Id, researcher_Id) values (6, 20);
insert into research_Areas_Of_Interest_researcher (research_Areas_Of_Interest_Id, researcher_Id) values (30, 21);
insert into research_Areas_Of_Interest_researcher (research_Areas_Of_Interest_Id, researcher_Id) values (42, 22);
insert into research_Areas_Of_Interest_researcher (research_Areas_Of_Interest_Id, researcher_Id) values (48, 23);
insert into research_Areas_Of_Interest_researcher (research_Areas_Of_Interest_Id, researcher_Id) values (36, 24);
insert into research_Areas_Of_Interest_researcher (research_Areas_Of_Interest_Id, researcher_Id) values (37, 25);
insert into research_Areas_Of_Interest_researcher (research_Areas_Of_Interest_Id, researcher_Id) values (31, 26);
insert into research_Areas_Of_Interest_researcher (research_Areas_Of_Interest_Id, researcher_Id) values (19, 27);
insert into research_Areas_Of_Interest_researcher (research_Areas_Of_Interest_Id, researcher_Id) values (34, 28);
insert into research_Areas_Of_Interest_researcher (research_Areas_Of_Interest_Id, researcher_Id) values (29, 29);
insert into research_Areas_Of_Interest_researcher (research_Areas_Of_Interest_Id, researcher_Id) values (46, 30);
insert into research_Areas_Of_Interest_researcher (research_Areas_Of_Interest_Id, researcher_Id) values (49, 31);
insert into research_Areas_Of_Interest_researcher (research_Areas_Of_Interest_Id, researcher_Id) values (28, 32);
insert into research_Areas_Of_Interest_researcher (research_Areas_Of_Interest_Id, researcher_Id) values (15, 33);
insert into research_Areas_Of_Interest_researcher (research_Areas_Of_Interest_Id, researcher_Id) values (13, 34);
insert into research_Areas_Of_Interest_researcher (research_Areas_Of_Interest_Id, researcher_Id) values (7, 35);
insert into research_Areas_Of_Interest_researcher (research_Areas_Of_Interest_Id, researcher_Id) values (19, 36);
insert into research_Areas_Of_Interest_researcher (research_Areas_Of_Interest_Id, researcher_Id) values (21, 37);
insert into research_Areas_Of_Interest_researcher (research_Areas_Of_Interest_Id, researcher_Id) values (17, 38);
insert into research_Areas_Of_Interest_researcher (research_Areas_Of_Interest_Id, researcher_Id) values (2, 39);
insert into research_Areas_Of_Interest_researcher (research_Areas_Of_Interest_Id, researcher_Id) values (4, 40);
insert into research_Areas_Of_Interest_researcher (research_Areas_Of_Interest_Id, researcher_Id) values (35, 41);
insert into research_Areas_Of_Interest_researcher (research_Areas_Of_Interest_Id, researcher_Id) values (15, 42);
insert into research_Areas_Of_Interest_researcher (research_Areas_Of_Interest_Id, researcher_Id) values (18, 43);
insert into research_Areas_Of_Interest_researcher (research_Areas_Of_Interest_Id, researcher_Id) values (43, 44);
insert into research_Areas_Of_Interest_researcher (research_Areas_Of_Interest_Id, researcher_Id) values (10, 45);
insert into research_Areas_Of_Interest_researcher (research_Areas_Of_Interest_Id, researcher_Id) values (2, 46);
insert into research_Areas_Of_Interest_researcher (research_Areas_Of_Interest_Id, researcher_Id) values (48, 47);
insert into research_Areas_Of_Interest_researcher (research_Areas_Of_Interest_Id, researcher_Id) values (46, 48);
insert into research_Areas_Of_Interest_researcher (research_Areas_Of_Interest_Id, researcher_Id) values (25, 49);
insert into research_Areas_Of_Interest_researcher (research_Areas_Of_Interest_Id, researcher_Id) values (16, 50);
insert into research_Areas_Of_Interest_researcher (research_Areas_Of_Interest_Id, researcher_Id) values (16, 51);
insert into research_Areas_Of_Interest_researcher (research_Areas_Of_Interest_Id, researcher_Id) values (14, 52);
insert into research_Areas_Of_Interest_researcher (research_Areas_Of_Interest_Id, researcher_Id) values (31, 53);
insert into research_Areas_Of_Interest_researcher (research_Areas_Of_Interest_Id, researcher_Id) values (39, 54);
insert into research_Areas_Of_Interest_researcher (research_Areas_Of_Interest_Id, researcher_Id) values (45, 55);
insert into research_Areas_Of_Interest_researcher (research_Areas_Of_Interest_Id, researcher_Id) values (31, 56);
insert into research_Areas_Of_Interest_researcher (research_Areas_Of_Interest_Id, researcher_Id) values (45, 57);
insert into research_Areas_Of_Interest_researcher (research_Areas_Of_Interest_Id, researcher_Id) values (35, 58);
insert into research_Areas_Of_Interest_researcher (research_Areas_Of_Interest_Id, researcher_Id) values (12, 59);
insert into research_Areas_Of_Interest_researcher (research_Areas_Of_Interest_Id, researcher_Id) values (19, 60);
insert into research_Areas_Of_Interest_researcher (research_Areas_Of_Interest_Id, researcher_Id) values (15, 61);
insert into research_Areas_Of_Interest_researcher (research_Areas_Of_Interest_Id, researcher_Id) values (22, 62);
insert into research_Areas_Of_Interest_researcher (research_Areas_Of_Interest_Id, researcher_Id) values (2, 63);
insert into research_Areas_Of_Interest_researcher (research_Areas_Of_Interest_Id, researcher_Id) values (21, 64);
insert into research_Areas_Of_Interest_researcher (research_Areas_Of_Interest_Id, researcher_Id) values (22, 65);
insert into research_Areas_Of_Interest_researcher (research_Areas_Of_Interest_Id, researcher_Id) values (42, 66);
insert into research_Areas_Of_Interest_researcher (research_Areas_Of_Interest_Id, researcher_Id) values (13, 67);
insert into research_Areas_Of_Interest_researcher (research_Areas_Of_Interest_Id, researcher_Id) values (26, 68);
insert into research_Areas_Of_Interest_researcher (research_Areas_Of_Interest_Id, researcher_Id) values (50, 69);
insert into research_Areas_Of_Interest_researcher (research_Areas_Of_Interest_Id, researcher_Id) values (18, 70);
insert into research_Areas_Of_Interest_researcher (research_Areas_Of_Interest_Id, researcher_Id) values (36, 71);
insert into research_Areas_Of_Interest_researcher (research_Areas_Of_Interest_Id, researcher_Id) values (30, 72);
insert into research_Areas_Of_Interest_researcher (research_Areas_Of_Interest_Id, researcher_Id) values (42, 73);
insert into research_Areas_Of_Interest_researcher (research_Areas_Of_Interest_Id, researcher_Id) values (23, 74);
insert into research_Areas_Of_Interest_researcher (research_Areas_Of_Interest_Id, researcher_Id) values (4, 75);
insert into research_Areas_Of_Interest_researcher (research_Areas_Of_Interest_Id, researcher_Id) values (14, 76);
insert into research_Areas_Of_Interest_researcher (research_Areas_Of_Interest_Id, researcher_Id) values (28, 77);
insert into research_Areas_Of_Interest_researcher (research_Areas_Of_Interest_Id, researcher_Id) values (20, 78);
insert into research_Areas_Of_Interest_researcher (research_Areas_Of_Interest_Id, researcher_Id) values (10, 79);
insert into research_Areas_Of_Interest_researcher (research_Areas_Of_Interest_Id, researcher_Id) values (24, 80);
insert into research_Areas_Of_Interest_researcher (research_Areas_Of_Interest_Id, researcher_Id) values (27, 81);
insert into research_Areas_Of_Interest_researcher (research_Areas_Of_Interest_Id, researcher_Id) values (7, 82);
insert into research_Areas_Of_Interest_researcher (research_Areas_Of_Interest_Id, researcher_Id) values (6, 83);
insert into research_Areas_Of_Interest_researcher (research_Areas_Of_Interest_Id, researcher_Id) values (4, 84);
insert into research_Areas_Of_Interest_researcher (research_Areas_Of_Interest_Id, researcher_Id) values (23, 85);
insert into research_Areas_Of_Interest_researcher (research_Areas_Of_Interest_Id, researcher_Id) values (38, 86);
insert into research_Areas_Of_Interest_researcher (research_Areas_Of_Interest_Id, researcher_Id) values (30, 87);
insert into research_Areas_Of_Interest_researcher (research_Areas_Of_Interest_Id, researcher_Id) values (47, 88);
insert into research_Areas_Of_Interest_researcher (research_Areas_Of_Interest_Id, researcher_Id) values (24, 89);
insert into research_Areas_Of_Interest_researcher (research_Areas_Of_Interest_Id, researcher_Id) values (8, 90);
insert into research_Areas_Of_Interest_researcher (research_Areas_Of_Interest_Id, researcher_Id) values (24, 91);
insert into research_Areas_Of_Interest_researcher (research_Areas_Of_Interest_Id, researcher_Id) values (44, 92);
insert into research_Areas_Of_Interest_researcher (research_Areas_Of_Interest_Id, researcher_Id) values (9, 93);
insert into research_Areas_Of_Interest_researcher (research_Areas_Of_Interest_Id, researcher_Id) values (9, 94);
insert into research_Areas_Of_Interest_researcher (research_Areas_Of_Interest_Id, researcher_Id) values (37, 95);
insert into research_Areas_Of_Interest_researcher (research_Areas_Of_Interest_Id, researcher_Id) values (23, 96);
insert into research_Areas_Of_Interest_researcher (research_Areas_Of_Interest_Id, researcher_Id) values (25, 97);
insert into research_Areas_Of_Interest_researcher (research_Areas_Of_Interest_Id, researcher_Id) values (7, 98);
insert into research_Areas_Of_Interest_researcher (research_Areas_Of_Interest_Id, researcher_Id) values (38, 99);
insert into research_Areas_Of_Interest_researcher (research_Areas_Of_Interest_Id, researcher_Id) values (15, 100);

insert into academic_Records_Of_Researcher (researcher_id, school_name, average_of_grades, university_name, major) values (1, 'Lakeview Academy', 14, 'Whispering Pines High', 'Gender Studies');
insert into academic_Records_Of_Researcher (researcher_id, school_name, average_of_grades, university_name, major) values (2, 'Maplebrook High', 17, 'Sunnyside Elementary', 'Materials Science');
insert into academic_Records_Of_Researcher (researcher_id, school_name, average_of_grades, university_name, major) values (3, 'Meadowbrook Preparatory School', 14, 'Springdale Charter School', 'Library Science');
insert into academic_Records_Of_Researcher (researcher_id, school_name, average_of_grades, university_name, major) values (4, 'Lakeside Academy', 18, 'Woodland Elementary', 'Medical Laboratory Science');
insert into academic_Records_Of_Researcher (researcher_id, school_name, average_of_grades, university_name, major) values (5, 'Fairhaven Preparatory School', 14, 'Maplebrook High', 'Applied Linguistics');
insert into academic_Records_Of_Researcher (researcher_id, school_name, average_of_grades, university_name, major) values (6, 'Cedarcrest Elementary', 18, 'Meadowlark Elementary', 'Systems Engineering');
insert into academic_Records_Of_Researcher (researcher_id, school_name, average_of_grades, university_name, major) values (7, 'Greenfield Elementary', 14, 'Hilltop Preparatory School', 'Interior Design');
insert into academic_Records_Of_Researcher (researcher_id, school_name, average_of_grades, university_name, major) values (8, 'Meadowbrook Academy', 14, 'Whispering Pines Elementary', 'Supply Chain Management');
insert into academic_Records_Of_Researcher (researcher_id, school_name, average_of_grades, university_name, major) values (9, 'Riverdale High', 12, 'Woodland Junior High', 'Fashion Design');
insert into academic_Records_Of_Researcher (researcher_id, school_name, average_of_grades, university_name, major) values (10, 'Maplebrook High', 18, 'Willow Grove Junior High', 'Communication Studies');
insert into academic_Records_Of_Researcher (researcher_id, school_name, average_of_grades, university_name, major) values (11, 'Meadowview Academy', 19, 'Oakdale Middle School', 'Industrial Design');
insert into academic_Records_Of_Researcher (researcher_id, school_name, average_of_grades, university_name, major) values (12, 'Oakridge Academy', 20, 'Lakeside Elementary', 'Fashion Merchandising');
insert into academic_Records_Of_Researcher (researcher_id, school_name, average_of_grades, university_name, major) values (13, 'Brookside Junior High', 13, 'Maplebrook High', 'Mechanical Engineering');
insert into academic_Records_Of_Researcher (researcher_id, school_name, average_of_grades, university_name, major) values (14, 'Meadowlark Elementary', 17, 'Meadowlark Elementary', 'Pharmacy');
insert into academic_Records_Of_Researcher (researcher_id, school_name, average_of_grades, university_name, major) values (15, 'Hillside Middle School', 12, 'Whispering Pines Elementary', 'Industrial Design');
insert into academic_Records_Of_Researcher (researcher_id, school_name, average_of_grades, university_name, major) values (16, 'Crestview Elementary', 15, 'Greenfield Elementary', 'Linguistic Anthropology');
insert into academic_Records_Of_Researcher (researcher_id, school_name, average_of_grades, university_name, major) values (17, 'Lakeside Academy', 13, 'Lakeside Academy', 'History');
insert into academic_Records_Of_Researcher (researcher_id, school_name, average_of_grades, university_name, major) values (18, 'Springbrook Charter School', 15, 'Lakeside Academy', 'Molecular Biology');
insert into academic_Records_Of_Researcher (researcher_id, school_name, average_of_grades, university_name, major) values (19, 'Briarwood High', 14, 'Briarwood Charter School', 'Petroleum Engineering');
insert into academic_Records_Of_Researcher (researcher_id, school_name, average_of_grades, university_name, major) values (20, 'Riverdale Preparatory School', 16, 'Hillcrest Middle School', 'Space Science');
insert into academic_Records_Of_Researcher (researcher_id, school_name, average_of_grades, university_name, major) values (21, 'Woodland Elementary', 15, 'Oakwood Elementary', 'Game Design');
insert into academic_Records_Of_Researcher (researcher_id, school_name, average_of_grades, university_name, major) values (22, 'Oakmont Academy', 16, 'Oakdale Academy', 'Cybersecurity');
insert into academic_Records_Of_Researcher (researcher_id, school_name, average_of_grades, university_name, major) values (23, 'Crestwood Elementary', 13, 'Oakdale Middle School', 'Criminology');
insert into academic_Records_Of_Researcher (researcher_id, school_name, average_of_grades, university_name, major) values (24, 'Springdale Charter School', 17, 'Lakeside Academy', 'Nutrition');
insert into academic_Records_Of_Researcher (researcher_id, school_name, average_of_grades, university_name, major) values (25, 'Meadowbrook Academy', 19, 'Crestview Elementary', 'Library Science');
insert into academic_Records_Of_Researcher (researcher_id, school_name, average_of_grades, university_name, major) values (26, 'Hillcrest Elementary', 16, 'Greenwood Academy', 'Library Science');
insert into academic_Records_Of_Researcher (researcher_id, school_name, average_of_grades, university_name, major) values (27, 'Pinebrook Preparatory School', 13, 'Ridgeview Middle School', 'Nursing');
insert into academic_Records_Of_Researcher (researcher_id, school_name, average_of_grades, university_name, major) values (28, 'Hillcrest Elementary', 20, 'Greenfield Preparatory School', 'Film Studies');
insert into academic_Records_Of_Researcher (researcher_id, school_name, average_of_grades, university_name, major) values (29, 'Maplewood Middle School', 14, 'Lakeside Elementary', 'Graphic Design');
insert into academic_Records_Of_Researcher (researcher_id, school_name, average_of_grades, university_name, major) values (30, 'Crestview Elementary', 16, 'Shadowbrook Elementary', 'Social Work');
insert into academic_Records_Of_Researcher (researcher_id, school_name, average_of_grades, university_name, major) values (31, 'Crestwood Charter School', 17, 'Sunnyside Elementary', 'Paleontology');
insert into academic_Records_Of_Researcher (researcher_id, school_name, average_of_grades, university_name, major) values (32, 'Willowbrook High', 20, 'Oakwood High', 'Landscape Architecture');
insert into academic_Records_Of_Researcher (researcher_id, school_name, average_of_grades, university_name, major) values (33, 'Springbrook Charter School', 12, 'Whispering Pines Elementary', 'Renewable Resource Management');
insert into academic_Records_Of_Researcher (researcher_id, school_name, average_of_grades, university_name, major) values (34, 'Fairview Preparatory School', 17, 'Brookside Academy', 'Systems Engineering');
insert into academic_Records_Of_Researcher (researcher_id, school_name, average_of_grades, university_name, major) values (35, 'Oakwood High', 17, 'Cedarbrook Academy', 'Public Health');
insert into academic_Records_Of_Researcher (researcher_id, school_name, average_of_grades, university_name, major) values (36, 'Meadowbrook Academy', 20, 'Forestbrook Elementary', 'Public Relations');
insert into academic_Records_Of_Researcher (researcher_id, school_name, average_of_grades, university_name, major) values (37, 'Meadowbrook Preparatory School', 14, 'Oakwood High', 'Paleontology');
insert into academic_Records_Of_Researcher (researcher_id, school_name, average_of_grades, university_name, major) values (38, 'Meadowbrook Academy', 20, 'Lakeside Middle School', 'Aerospace Engineering');
insert into academic_Records_Of_Researcher (researcher_id, school_name, average_of_grades, university_name, major) values (39, 'Springbrook Charter School', 18, 'Forestbrook Elementary', 'Petroleum Engineering');
insert into academic_Records_Of_Researcher (researcher_id, school_name, average_of_grades, university_name, major) values (40, 'Crestview Elementary', 19, 'Sunnyside Elementary', 'Library Science');
insert into academic_Records_Of_Researcher (researcher_id, school_name, average_of_grades, university_name, major) values (41, 'Springbrook Charter School', 14, 'Pineview High', 'Biochemistry');
insert into academic_Records_Of_Researcher (researcher_id, school_name, average_of_grades, university_name, major) values (42, 'Meadowbrook Academy', 16, 'Briarwood Charter School', 'Applied Linguistics');
insert into academic_Records_Of_Researcher (researcher_id, school_name, average_of_grades, university_name, major) values (43, 'Fairhaven Preparatory School', 17, 'Oakwood Elementary', 'Theater Arts');
insert into academic_Records_Of_Researcher (researcher_id, school_name, average_of_grades, university_name, major) values (44, 'Briarwood Charter School', 20, 'Oakridge Academy', 'Space Science');
insert into academic_Records_Of_Researcher (researcher_id, school_name, average_of_grades, university_name, major) values (45, 'Meadowlark Elementary', 18, 'Meadowbrook Academy', 'Biomedical Engineering');
insert into academic_Records_Of_Researcher (researcher_id, school_name, average_of_grades, university_name, major) values (46, 'Sunnyvale Charter School', 13, 'Woodgrove Elementary', 'Human Rights');
insert into academic_Records_Of_Researcher (researcher_id, school_name, average_of_grades, university_name, major) values (47, 'Woodland Junior High', 16, 'Pinebrook Preparatory School', 'Architecture');
insert into academic_Records_Of_Researcher (researcher_id, school_name, average_of_grades, university_name, major) values (48, 'Crestview Elementary', 18, 'Crestwood Charter School', 'Earth Sciences');
insert into academic_Records_Of_Researcher (researcher_id, school_name, average_of_grades, university_name, major) values (49, 'Whispering Pines High', 12, 'Crestwood Charter School', 'Mechanical Engineering');
insert into academic_Records_Of_Researcher (researcher_id, school_name, average_of_grades, university_name, major) values (50, 'Willowbrook High', 14, 'Meadowbrook Academy', 'Data Science');
insert into academic_Records_Of_Researcher (researcher_id, school_name, average_of_grades, university_name, major) values (51, 'Riverdale Middle School', 17, 'Pinecrest High', 'Sociology');
insert into academic_Records_Of_Researcher (researcher_id, school_name, average_of_grades, university_name, major) values (52, 'Hillside Middle School', 19, 'Clearwater Academy', 'Music');
insert into academic_Records_Of_Researcher (researcher_id, school_name, average_of_grades, university_name, major) values (53, 'Crestwood Elementary', 18, 'Hillcrest Middle School', 'Artificial Intelligence');
insert into academic_Records_Of_Researcher (researcher_id, school_name, average_of_grades, university_name, major) values (54, 'Oakdale Middle School', 14, 'Riverview Preparatory School', 'Graphic Communication');
insert into academic_Records_Of_Researcher (researcher_id, school_name, average_of_grades, university_name, major) values (55, 'Fairhaven Preparatory School', 17, 'Shadowbrook Elementary', 'Medical Laboratory Science');
insert into academic_Records_Of_Researcher (researcher_id, school_name, average_of_grades, university_name, major) values (56, 'Springdale Charter School', 16, 'Briarwood High', 'Exercise Science');
insert into academic_Records_Of_Researcher (researcher_id, school_name, average_of_grades, university_name, major) values (57, 'Willowbrook Preparatory School', 17, 'Brookside Junior High', 'Interior Design');
insert into academic_Records_Of_Researcher (researcher_id, school_name, average_of_grades, university_name, major) values (58, 'Maplewood Elementary', 18, 'Woodland Junior High', 'Data Science');
insert into academic_Records_Of_Researcher (researcher_id, school_name, average_of_grades, university_name, major) values (59, 'Fairhaven Preparatory School', 12, 'Springbrook Charter School', 'Nursing');
insert into academic_Records_Of_Researcher (researcher_id, school_name, average_of_grades, university_name, major) values (60, 'Clearwater Academy', 12, 'Willowbrook High', 'Cognitive Science');
insert into academic_Records_Of_Researcher (researcher_id, school_name, average_of_grades, university_name, major) values (61, 'Hillcrest Elementary', 20, 'Brookside Academy', 'Software Engineering');
insert into academic_Records_Of_Researcher (researcher_id, school_name, average_of_grades, university_name, major) values (62, 'Sunnyvale Charter School', 14, 'Sunnyside Elementary', 'Journalism');
insert into academic_Records_Of_Researcher (researcher_id, school_name, average_of_grades, university_name, major) values (63, 'Clearwater Academy', 14, 'Springdale Charter School', 'Renewable Energy Engineering');
insert into academic_Records_Of_Researcher (researcher_id, school_name, average_of_grades, university_name, major) values (64, 'Brookside Junior High', 19, 'Springbrook Charter School', 'Art History');
insert into academic_Records_Of_Researcher (researcher_id, school_name, average_of_grades, university_name, major) values (65, 'Brookside Junior High', 15, 'Hilltop Preparatory School', 'Linguistics');
insert into academic_Records_Of_Researcher (researcher_id, school_name, average_of_grades, university_name, major) values (66, 'Clearwater Academy', 14, 'Crestview Elementary', 'Psychology');
insert into academic_Records_Of_Researcher (researcher_id, school_name, average_of_grades, university_name, major) values (67, 'Woodgrove Elementary', 19, 'Fairview Preparatory School', 'Music');
insert into academic_Records_Of_Researcher (researcher_id, school_name, average_of_grades, university_name, major) values (68, 'Oakwood High', 16, 'Meadowbrook Academy', 'Earth Sciences');
insert into academic_Records_Of_Researcher (researcher_id, school_name, average_of_grades, university_name, major) values (69, 'Maplebrook High', 13, 'Lakeside Middle School', 'Electrical Engineering');
insert into academic_Records_Of_Researcher (researcher_id, school_name, average_of_grades, university_name, major) values (70, 'Meadowbrook Academy', 16, 'Brookhaven Junior High', 'Renewable Energy Engineering');
insert into academic_Records_Of_Researcher (researcher_id, school_name, average_of_grades, university_name, major) values (71, 'Riverview Preparatory School', 15, 'Willowbrook Preparatory School', 'Linguistics');
insert into academic_Records_Of_Researcher (researcher_id, school_name, average_of_grades, university_name, major) values (72, 'Meadowbrook Academy', 13, 'Sunflower Elementary', 'Sports Science');
insert into academic_Records_Of_Researcher (researcher_id, school_name, average_of_grades, university_name, major) values (73, 'Lakeside Middle School', 14, 'Riverdale Middle School', 'Cognitive Science');
insert into academic_Records_Of_Researcher (researcher_id, school_name, average_of_grades, university_name, major) values (74, 'Crestwood Charter School', 18, 'Hillcrest Middle School', 'Fashion Design');
insert into academic_Records_Of_Researcher (researcher_id, school_name, average_of_grades, university_name, major) values (75, 'Crestwood Charter School', 13, 'Brookside Junior High', 'Hospitality Management');
insert into academic_Records_Of_Researcher (researcher_id, school_name, average_of_grades, university_name, major) values (76, 'Sunnyside Elementary', 17, 'Riverdale Middle School', 'Space Science');
insert into academic_Records_Of_Researcher (researcher_id, school_name, average_of_grades, university_name, major) values (77, 'Lakeview Academy', 15, 'Cedarbrook Academy', 'Criminology');
insert into academic_Records_Of_Researcher (researcher_id, school_name, average_of_grades, university_name, major) values (78, 'Lakeside Elementary', 15, 'Brookside Academy', 'Political Science');
insert into academic_Records_Of_Researcher (researcher_id, school_name, average_of_grades, university_name, major) values (79, 'Riverdale High', 19, 'Fairview Preparatory School', 'Health Informatics');
insert into academic_Records_Of_Researcher (researcher_id, school_name, average_of_grades, university_name, major) values (80, 'Meadowlark Elementary', 15, 'Crestview Elementary', 'Health Informatics');
insert into academic_Records_Of_Researcher (researcher_id, school_name, average_of_grades, university_name, major) values (81, 'Lakeside Academy', 12, 'Oakmont Academy', 'Astrophysics');
insert into academic_Records_Of_Researcher (researcher_id, school_name, average_of_grades, university_name, major) values (82, 'Oakdale Middle School', 12, 'Hillcrest Elementary', 'Exercise Science');
insert into academic_Records_Of_Researcher (researcher_id, school_name, average_of_grades, university_name, major) values (83, 'Whispering Pines Elementary', 15, 'Crestwood Charter School', 'Business Administration');
insert into academic_Records_Of_Researcher (researcher_id, school_name, average_of_grades, university_name, major) values (84, 'Cedarbrook Academy', 18, 'Briarwood High', 'Renewable Energy Engineering');
insert into academic_Records_Of_Researcher (researcher_id, school_name, average_of_grades, university_name, major) values (85, 'Pinebrook Preparatory School', 13, 'Lakeside Elementary', 'Microbiology');
insert into academic_Records_Of_Researcher (researcher_id, school_name, average_of_grades, university_name, major) values (86, 'Woodland Junior High', 14, 'Pinebrook Preparatory School', 'Human Rights');
insert into academic_Records_Of_Researcher (researcher_id, school_name, average_of_grades, university_name, major) values (87, 'Crestwood Elementary', 20, 'Harmony High School', 'Astrophysics');
insert into academic_Records_Of_Researcher (researcher_id, school_name, average_of_grades, university_name, major) values (88, 'Lakeside Middle School', 14, 'Sunset Elementary', 'Industrial Design');
insert into academic_Records_Of_Researcher (researcher_id, school_name, average_of_grades, university_name, major) values (89, 'Lakeside Academy', 20, 'Fairview Preparatory School', 'Public Health');
insert into academic_Records_Of_Researcher (researcher_id, school_name, average_of_grades, university_name, major) values (90, 'Oakwood High', 13, 'Evergreen High', 'Cognitive Psychology');
insert into academic_Records_Of_Researcher (researcher_id, school_name, average_of_grades, university_name, major) values (91, 'Brookhaven Junior High', 20, 'Greenwood Academy', 'Renewable Energy Engineering');
insert into academic_Records_Of_Researcher (researcher_id, school_name, average_of_grades, university_name, major) values (92, 'Oakdale Middle School', 16, 'Sunnyside Elementary', 'Software Engineering');
insert into academic_Records_Of_Researcher (researcher_id, school_name, average_of_grades, university_name, major) values (93, 'Woodland Elementary', 13, 'Woodland Elementary', 'Industrial Engineering');
insert into academic_Records_Of_Researcher (researcher_id, school_name, average_of_grades, university_name, major) values (94, 'Oakdale Middle School', 19, 'Brookside Junior High', 'Human Rights');
insert into academic_Records_Of_Researcher (researcher_id, school_name, average_of_grades, university_name, major) values (95, 'Meadowview Elementary', 20, 'Oakwood High', 'Chemistry');
insert into academic_Records_Of_Researcher (researcher_id, school_name, average_of_grades, university_name, major) values (96, 'Willowbrook Preparatory School', 12, 'Lakeview Academy', 'Business Administration');
insert into academic_Records_Of_Researcher (researcher_id, school_name, average_of_grades, university_name, major) values (97, 'Oakdale Academy', 12, 'Hillside Middle School', 'Marine Biology');
insert into academic_Records_Of_Researcher (researcher_id, school_name, average_of_grades, university_name, major) values (98, 'Riverdale Middle School', 15, 'Willow Grove Preparatory School', 'Criminology');
insert into academic_Records_Of_Researcher (researcher_id, school_name, average_of_grades, university_name, major) values (99, 'Evergreen High', 20, 'Pinecrest High', 'International Relations');
insert into academic_Records_Of_Researcher (researcher_id, school_name, average_of_grades, university_name, major) values (100, 'Meadowbrook Academy', 17, 'Clearwater Academy', 'Geology');

insert into researcher_institute (researcher_id, institute_id, current_researcher) values (9, 5, false);
insert into researcher_institute (researcher_id, institute_id, current_researcher) values (5, 9, true);
insert into researcher_institute (researcher_id, institute_id, current_researcher) values (62, 5, false);
insert into researcher_institute (researcher_id, institute_id, current_researcher) values (65, 1, false);
insert into researcher_institute (researcher_id, institute_id, current_researcher) values (39, 3, true);
insert into researcher_institute (researcher_id, institute_id, current_researcher) values (94, 11, false);
insert into researcher_institute (researcher_id, institute_id, current_researcher) values (42, 5, false);
insert into researcher_institute (researcher_id, institute_id, current_researcher) values (88, 2, false);
insert into researcher_institute (researcher_id, institute_id, current_researcher) values (31, 14, true);
insert into researcher_institute (researcher_id, institute_id, current_researcher) values (57, 11, true);
insert into researcher_institute (researcher_id, institute_id, current_researcher) values (71, 5, false);
insert into researcher_institute (researcher_id, institute_id, current_researcher) values (21, 12, true);
insert into researcher_institute (researcher_id, institute_id, current_researcher) values (70, 15, false);
insert into researcher_institute (researcher_id, institute_id, current_researcher) values (33, 5, true);
insert into researcher_institute (researcher_id, institute_id, current_researcher) values (93, 12, true);
insert into researcher_institute (researcher_id, institute_id, current_researcher) values (69, 13, true);
insert into researcher_institute (researcher_id, institute_id, current_researcher) values (10, 4, false);
insert into researcher_institute (researcher_id, institute_id, current_researcher) values (91, 11, false);
insert into researcher_institute (researcher_id, institute_id, current_researcher) values (73, 10, false);
insert into researcher_institute (researcher_id, institute_id, current_researcher) values (37, 4, false);
insert into researcher_institute (researcher_id, institute_id, current_researcher) values (27, 11, true);
insert into researcher_institute (researcher_id, institute_id, current_researcher) values (74, 2, true);
insert into researcher_institute (researcher_id, institute_id, current_researcher) values (74, 14, false);
insert into researcher_institute (researcher_id, institute_id, current_researcher) values (67, 5, false);
insert into researcher_institute (researcher_id, institute_id, current_researcher) values (83, 6, false);
insert into researcher_institute (researcher_id, institute_id, current_researcher) values (47, 14, true);
insert into researcher_institute (researcher_id, institute_id, current_researcher) values (47, 4, false);
insert into researcher_institute (researcher_id, institute_id, current_researcher) values (49, 14, true);
insert into researcher_institute (researcher_id, institute_id, current_researcher) values (16, 3, true);
insert into researcher_institute (researcher_id, institute_id, current_researcher) values (25, 2, false);
insert into researcher_institute (researcher_id, institute_id, current_researcher) values (31, 8, true);
insert into researcher_institute (researcher_id, institute_id, current_researcher) values (14, 15, false);
insert into researcher_institute (researcher_id, institute_id, current_researcher) values (74, 14, false);
insert into researcher_institute (researcher_id, institute_id, current_researcher) values (97, 12, true);
insert into researcher_institute (researcher_id, institute_id, current_researcher) values (51, 15, true);
insert into researcher_institute (researcher_id, institute_id, current_researcher) values (72, 15, false);
insert into researcher_institute (researcher_id, institute_id, current_researcher) values (69, 14, false);
insert into researcher_institute (researcher_id, institute_id, current_researcher) values (31, 14, false);
insert into researcher_institute (researcher_id, institute_id, current_researcher) values (57, 10, false);
insert into researcher_institute (researcher_id, institute_id, current_researcher) values (73, 14, false);
insert into researcher_institute (researcher_id, institute_id, current_researcher) values (80, 12, true);
insert into researcher_institute (researcher_id, institute_id, current_researcher) values (96, 15, false);
insert into researcher_institute (researcher_id, institute_id, current_researcher) values (1, 6, false);
insert into researcher_institute (researcher_id, institute_id, current_researcher) values (71, 14, false);
insert into researcher_institute (researcher_id, institute_id, current_researcher) values (37, 12, true);
insert into researcher_institute (researcher_id, institute_id, current_researcher) values (94, 9, false);
insert into researcher_institute (researcher_id, institute_id, current_researcher) values (58, 2, true);
insert into researcher_institute (researcher_id, institute_id, current_researcher) values (59, 8, false);
insert into researcher_institute (researcher_id, institute_id, current_researcher) values (48, 10, true);
insert into researcher_institute (researcher_id, institute_id, current_researcher) values (88, 4, false);
insert into researcher_institute (researcher_id, institute_id, current_researcher) values (82, 7, true);
insert into researcher_institute (researcher_id, institute_id, current_researcher) values (23, 8, false);
insert into researcher_institute (researcher_id, institute_id, current_researcher) values (1, 3, false);
insert into researcher_institute (researcher_id, institute_id, current_researcher) values (6, 1, true);
insert into researcher_institute (researcher_id, institute_id, current_researcher) values (25, 8, false);
insert into researcher_institute (researcher_id, institute_id, current_researcher) values (34, 1, false);
insert into researcher_institute (researcher_id, institute_id, current_researcher) values (19, 2, true);
insert into researcher_institute (researcher_id, institute_id, current_researcher) values (50, 7, true);
insert into researcher_institute (researcher_id, institute_id, current_researcher) values (85, 9, false);
insert into researcher_institute (researcher_id, institute_id, current_researcher) values (66, 1, false);
insert into researcher_institute (researcher_id, institute_id, current_researcher) values (43, 5, false);
insert into researcher_institute (researcher_id, institute_id, current_researcher) values (25, 14, false);
insert into researcher_institute (researcher_id, institute_id, current_researcher) values (88, 5, false);
insert into researcher_institute (researcher_id, institute_id, current_researcher) values (43, 2, true);
insert into researcher_institute (researcher_id, institute_id, current_researcher) values (26, 14, true);
insert into researcher_institute (researcher_id, institute_id, current_researcher) values (7, 7, true);
insert into researcher_institute (researcher_id, institute_id, current_researcher) values (27, 14, true);
insert into researcher_institute (researcher_id, institute_id, current_researcher) values (29, 8, false);
insert into researcher_institute (researcher_id, institute_id, current_researcher) values (46, 6, false);
insert into researcher_institute (researcher_id, institute_id, current_researcher) values (57, 6, true);
insert into researcher_institute (researcher_id, institute_id, current_researcher) values (5, 5, false);
insert into researcher_institute (researcher_id, institute_id, current_researcher) values (91, 15, true);
insert into researcher_institute (researcher_id, institute_id, current_researcher) values (61, 9, true);
insert into researcher_institute (researcher_id, institute_id, current_researcher) values (83, 14, false);
insert into researcher_institute (researcher_id, institute_id, current_researcher) values (45, 3, false);
insert into researcher_institute (researcher_id, institute_id, current_researcher) values (31, 9, true);
insert into researcher_institute (researcher_id, institute_id, current_researcher) values (8, 13, false);
insert into researcher_institute (researcher_id, institute_id, current_researcher) values (41, 6, true);
insert into researcher_institute (researcher_id, institute_id, current_researcher) values (26, 14, true);
insert into researcher_institute (researcher_id, institute_id, current_researcher) values (64, 8, false);
insert into researcher_institute (researcher_id, institute_id, current_researcher) values (5, 5, false);
insert into researcher_institute (researcher_id, institute_id, current_researcher) values (45, 4, false);
insert into researcher_institute (researcher_id, institute_id, current_researcher) values (79, 1, false);
insert into researcher_institute (researcher_id, institute_id, current_researcher) values (4, 12, true);
insert into researcher_institute (researcher_id, institute_id, current_researcher) values (87, 5, true);
insert into researcher_institute (researcher_id, institute_id, current_researcher) values (55, 2, true);
insert into researcher_institute (researcher_id, institute_id, current_researcher) values (8, 4, false);
insert into researcher_institute (researcher_id, institute_id, current_researcher) values (82, 1, false);
insert into researcher_institute (researcher_id, institute_id, current_researcher) values (13, 6, false);
insert into researcher_institute (researcher_id, institute_id, current_researcher) values (4, 9, false);
insert into researcher_institute (researcher_id, institute_id, current_researcher) values (34, 10, false);
insert into researcher_institute (researcher_id, institute_id, current_researcher) values (3, 3, false);
insert into researcher_institute (researcher_id, institute_id, current_researcher) values (27, 3, true);
insert into researcher_institute (researcher_id, institute_id, current_researcher) values (65, 2, false);
insert into researcher_institute (researcher_id, institute_id, current_researcher) values (100, 14, false);
insert into researcher_institute (researcher_id, institute_id, current_researcher) values (6, 13, true);
insert into researcher_institute (researcher_id, institute_id, current_researcher) values (45, 4, true);
insert into researcher_institute (researcher_id, institute_id, current_researcher) values (74, 4, false);
insert into researcher_institute (researcher_id, institute_id, current_researcher) values (51, 9, true);
insert into researcher_institute (researcher_id, institute_id, current_researcher) values (82, 6, false);
insert into researcher_institute (researcher_id, institute_id, current_researcher) values (75, 11, true);
insert into researcher_institute (researcher_id, institute_id, current_researcher) values (85, 9, true);
insert into researcher_institute (researcher_id, institute_id, current_researcher) values (52, 15, false);
insert into researcher_institute (researcher_id, institute_id, current_researcher) values (48, 7, false);
insert into researcher_institute (researcher_id, institute_id, current_researcher) values (84, 13, false);
insert into researcher_institute (researcher_id, institute_id, current_researcher) values (58, 4, true);
insert into researcher_institute (researcher_id, institute_id, current_researcher) values (57, 2, false);
insert into researcher_institute (researcher_id, institute_id, current_researcher) values (7, 4, true);
insert into researcher_institute (researcher_id, institute_id, current_researcher) values (26, 11, true);
insert into researcher_institute (researcher_id, institute_id, current_researcher) values (48, 14, true);
insert into researcher_institute (researcher_id, institute_id, current_researcher) values (23, 12, true);
insert into researcher_institute (researcher_id, institute_id, current_researcher) values (44, 8, false);
insert into researcher_institute (researcher_id, institute_id, current_researcher) values (50, 13, true);
insert into researcher_institute (researcher_id, institute_id, current_researcher) values (52, 14, false);
insert into researcher_institute (researcher_id, institute_id, current_researcher) values (30, 6, false);
insert into researcher_institute (researcher_id, institute_id, current_researcher) values (35, 10, false);
insert into researcher_institute (researcher_id, institute_id, current_researcher) values (57, 5, false);
insert into researcher_institute (researcher_id, institute_id, current_researcher) values (56, 13, true);
insert into researcher_institute (researcher_id, institute_id, current_researcher) values (20, 2, true);
insert into researcher_institute (researcher_id, institute_id, current_researcher) values (22, 8, false);
insert into researcher_institute (researcher_id, institute_id, current_researcher) values (97, 7, false);
insert into researcher_institute (researcher_id, institute_id, current_researcher) values (38, 6, true);
insert into researcher_institute (researcher_id, institute_id, current_researcher) values (74, 12, false);
insert into researcher_institute (researcher_id, institute_id, current_researcher) values (95, 8, true);
insert into researcher_institute (researcher_id, institute_id, current_researcher) values (42, 4, false);
insert into researcher_institute (researcher_id, institute_id, current_researcher) values (85, 11, false);
insert into researcher_institute (researcher_id, institute_id, current_researcher) values (16, 5, true);
insert into researcher_institute (researcher_id, institute_id, current_researcher) values (57, 2, false);
insert into researcher_institute (researcher_id, institute_id, current_researcher) values (76, 10, true);
insert into researcher_institute (researcher_id, institute_id, current_researcher) values (33, 1, false);
insert into researcher_institute (researcher_id, institute_id, current_researcher) values (69, 15, true);
insert into researcher_institute (researcher_id, institute_id, current_researcher) values (46, 1, true);
insert into researcher_institute (researcher_id, institute_id, current_researcher) values (49, 12, true);
insert into researcher_institute (researcher_id, institute_id, current_researcher) values (20, 3, false);
insert into researcher_institute (researcher_id, institute_id, current_researcher) values (26, 9, true);
insert into researcher_institute (researcher_id, institute_id, current_researcher) values (54, 10, true);
insert into researcher_institute (researcher_id, institute_id, current_researcher) values (15, 13, false);
insert into researcher_institute (researcher_id, institute_id, current_researcher) values (49, 1, true);
insert into researcher_institute (researcher_id, institute_id, current_researcher) values (97, 3, true);
insert into researcher_institute (researcher_id, institute_id, current_researcher) values (48, 9, true);
insert into researcher_institute (researcher_id, institute_id, current_researcher) values (25, 9, false);
insert into researcher_institute (researcher_id, institute_id, current_researcher) values (35, 11, true);
insert into researcher_institute (researcher_id, institute_id, current_researcher) values (26, 3, true);
insert into researcher_institute (researcher_id, institute_id, current_researcher) values (70, 14, true);
insert into researcher_institute (researcher_id, institute_id, current_researcher) values (3, 5, true);
insert into researcher_institute (researcher_id, institute_id, current_researcher) values (46, 15, false);
insert into researcher_institute (researcher_id, institute_id, current_researcher) values (77, 6, true);
insert into researcher_institute (researcher_id, institute_id, current_researcher) values (23, 5, true);
insert into researcher_institute (researcher_id, institute_id, current_researcher) values (46, 7, true);
insert into researcher_institute (researcher_id, institute_id, current_researcher) values (3, 4, true);
insert into researcher_institute (researcher_id, institute_id, current_researcher) values (2, 14, false);
insert into researcher_institute (researcher_id, institute_id, current_researcher) values (95, 10, true);
insert into researcher_institute (researcher_id, institute_id, current_researcher) values (5, 7, true);
insert into researcher_institute (researcher_id, institute_id, current_researcher) values (92, 9, false);
insert into researcher_institute (researcher_id, institute_id, current_researcher) values (98, 13, false);
insert into researcher_institute (researcher_id, institute_id, current_researcher) values (54, 9, true);
insert into researcher_institute (researcher_id, institute_id, current_researcher) values (47, 10, false);
insert into researcher_institute (researcher_id, institute_id, current_researcher) values (47, 3, false);
insert into researcher_institute (researcher_id, institute_id, current_researcher) values (82, 5, true);
insert into researcher_institute (researcher_id, institute_id, current_researcher) values (43, 5, true);
insert into researcher_institute (researcher_id, institute_id, current_researcher) values (78, 8, true);
insert into researcher_institute (researcher_id, institute_id, current_researcher) values (49, 9, true);
insert into researcher_institute (researcher_id, institute_id, current_researcher) values (35, 14, false);
insert into researcher_institute (researcher_id, institute_id, current_researcher) values (90, 15, false);
insert into researcher_institute (researcher_id, institute_id, current_researcher) values (48, 6, false);
insert into researcher_institute (researcher_id, institute_id, current_researcher) values (79, 12, false);
insert into researcher_institute (researcher_id, institute_id, current_researcher) values (6, 14, false);
insert into researcher_institute (researcher_id, institute_id, current_researcher) values (74, 7, false);
insert into researcher_institute (researcher_id, institute_id, current_researcher) values (1, 1, true);
insert into researcher_institute (researcher_id, institute_id, current_researcher) values (60, 3, true);
insert into researcher_institute (researcher_id, institute_id, current_researcher) values (34, 2, false);
insert into researcher_institute (researcher_id, institute_id, current_researcher) values (58, 11, false);
insert into researcher_institute (researcher_id, institute_id, current_researcher) values (16, 7, true);
insert into researcher_institute (researcher_id, institute_id, current_researcher) values (69, 1, true);
insert into researcher_institute (researcher_id, institute_id, current_researcher) values (54, 7, true);
insert into researcher_institute (researcher_id, institute_id, current_researcher) values (89, 1, true);
insert into researcher_institute (researcher_id, institute_id, current_researcher) values (99, 12, true);
insert into researcher_institute (researcher_id, institute_id, current_researcher) values (6, 9, true);
insert into researcher_institute (researcher_id, institute_id, current_researcher) values (54, 3, false);
insert into researcher_institute (researcher_id, institute_id, current_researcher) values (15, 9, false);
insert into researcher_institute (researcher_id, institute_id, current_researcher) values (84, 15, true);
insert into researcher_institute (researcher_id, institute_id, current_researcher) values (32, 2, false);
insert into researcher_institute (researcher_id, institute_id, current_researcher) values (50, 8, false);
insert into researcher_institute (researcher_id, institute_id, current_researcher) values (17, 15, false);
insert into researcher_institute (researcher_id, institute_id, current_researcher) values (33, 7, false);
insert into researcher_institute (researcher_id, institute_id, current_researcher) values (67, 13, false);
insert into researcher_institute (researcher_id, institute_id, current_researcher) values (75, 6, false);
insert into researcher_institute (researcher_id, institute_id, current_researcher) values (86, 9, true);
insert into researcher_institute (researcher_id, institute_id, current_researcher) values (93, 12, true);
insert into researcher_institute (researcher_id, institute_id, current_researcher) values (30, 1, false);
insert into researcher_institute (researcher_id, institute_id, current_researcher) values (91, 9, false);
insert into researcher_institute (researcher_id, institute_id, current_researcher) values (16, 6, false);
insert into researcher_institute (researcher_id, institute_id, current_researcher) values (88, 15, true);
insert into researcher_institute (researcher_id, institute_id, current_researcher) values (63, 10, false);
insert into researcher_institute (researcher_id, institute_id, current_researcher) values (90, 15, true);
insert into researcher_institute (researcher_id, institute_id, current_researcher) values (58, 8, false);
insert into researcher_institute (researcher_id, institute_id, current_researcher) values (72, 11, true);
insert into researcher_institute (researcher_id, institute_id, current_researcher) values (72, 2, false);
insert into researcher_institute (researcher_id, institute_id, current_researcher) values (67, 6, false);
insert into researcher_institute (researcher_id, institute_id, current_researcher) values (9, 12, true);

